13/12/2023,0,0,,13/08/2023,0,0,,13/05/2023,0,0
13/12/2023,0.016667,0,,13/08/2023,0.016667,0,,13/05/2023,0.016667,0
13/12/2023,0.221234,0,,13/08/2023,0.221156,0,,13/05/2023,0.223864,0
13/12/2023,0.254755,0,,13/08/2023,0.254509,0,,13/05/2023,0.249978,0
13/12/2023,0.294514,0,,13/08/2023,0.289555,0,,13/05/2023,0.286441,0
13/12/2023,0.31118,0,,13/08/2023,0.306222,0,,13/05/2023,0.303108,0
13/12/2023,0.327847,0,,13/08/2023,0.322889,0,,13/05/2023,0.319774,0
13/12/2023,0.344514,0,,13/08/2023,0.339556,0,,13/05/2023,0.336441,0
13/12/2023,0.361181,0,,13/08/2023,0.356223,0,,13/05/2023,0.353108,0
13/12/2023,0.377847,0,,13/08/2023,0.372889,0,,13/05/2023,0.369775,0
13/12/2023,0.394514,0,,13/08/2023,0.389556,0,,13/05/2023,0.386441,0
13/12/2023,0.411181,0,,13/08/2023,0.406223,0,,13/05/2023,0.403108,0
13/12/2023,0.427848,0,,13/08/2023,0.42289,0,,13/05/2023,0.419775,0
13/12/2023,0.444514,0,,13/08/2023,0.439557,0,,13/05/2023,0.436442,0
13/12/2023,0.461181,0,,13/08/2023,0.456224,0,,13/05/2023,0.453108,0
13/12/2023,0.477848,0,,13/08/2023,0.47289,0,,13/05/2023,0.469775,0
13/12/2023,0.494515,0,,13/08/2023,0.489557,0,,13/05/2023,0.486442,0
13/12/2023,0.51123,0,,13/08/2023,0.506224,0,,13/05/2023,0.503109,0
13/12/2023,0.527896,0,,13/08/2023,0.522891,0,,13/05/2023,0.519775,0
13/12/2023,0.544563,0,,13/08/2023,0.539558,0,,13/05/2023,0.536442,0
13/12/2023,0.56123,0,,13/08/2023,0.556224,0,,13/05/2023,0.553109,0
13/12/2023,0.577897,0,,13/08/2023,0.572891,0,,13/05/2023,0.569776,0
13/12/2023,0.594564,0,,13/08/2023,0.589558,0,,13/05/2023,0.586442,0
13/12/2023,0.61123,0,,13/08/2023,0.618099,0,,13/05/2023,0.603109,0
13/12/2023,0.627897,0,,13/08/2023,0.634856,0,,13/05/2023,0.619776,0
13/12/2023,0.644564,0,,13/08/2023,0.651523,0,,13/05/2023,0.636443,0
13/12/2023,0.661231,0,,13/08/2023,0.66819,0,,13/05/2023,0.653109,0
13/12/2023,0.677898,0,,13/08/2023,0.684857,0,,13/05/2023,0.669776,0
13/12/2023,0.694565,0,,13/08/2023,0.701523,0,,13/05/2023,0.686443,0
13/12/2023,0.711232,0,,13/08/2023,0.71819,0,,13/05/2023,0.70311,0
13/12/2023,0.727899,0,,13/08/2023,0.734857,0,,13/05/2023,0.719777,0
13/12/2023,0.744566,0,,13/08/2023,0.751524,0,,13/05/2023,0.736444,0
13/12/2023,0.761232,0,,13/08/2023,0.768191,0,,13/05/2023,0.753111,0
13/12/2023,0.7779,0,,13/08/2023,0.784857,0,,13/05/2023,0.769777,0
13/12/2023,0.794566,0,,13/08/2023,0.801524,0,,13/05/2023,0.786444,0
13/12/2023,0.811233,0,,13/08/2023,0.818191,0,,13/05/2023,0.803111,0
13/12/2023,0.8279,0,,13/08/2023,0.834858,0,,13/05/2023,0.819778,0
13/12/2023,0.844567,0,,13/08/2023,0.851525,0,,13/05/2023,0.836445,0
13/12/2023,0.861233,0,,13/08/2023,0.868191,0,,13/05/2023,0.853111,0
13/12/2023,0.8779,0,,13/08/2023,0.884858,0,,13/05/2023,0.869778,0
13/12/2023,0.894567,0,,13/08/2023,0.901525,0,,13/05/2023,0.886445,0
13/12/2023,0.911234,0,,13/08/2023,0.918192,0,,13/05/2023,0.903112,0
13/12/2023,0.927901,0,,13/08/2023,0.934858,0,,13/05/2023,0.919779,0
13/12/2023,0.944568,0,,13/08/2023,0.951525,0,,13/05/2023,0.936445,389.945723
13/12/2023,0.961234,0,,13/08/2023,0.968192,0,,13/05/2023,0.953112,978.162048
13/12/2023,0.977901,0,,13/08/2023,0.984859,0,,13/05/2023,0.969779,1566.345265
13/12/2023,0.994568,0,,13/08/2023,1.001526,0,,13/05/2023,0.986446,2154.475361
13/12/2023,1.011235,0,,13/08/2023,1.018193,0,,13/05/2023,1.003113,2742.53264
13/12/2023,1.027901,0,,13/08/2023,1.034859,0,,13/05/2023,1.019779,3330.497093
13/12/2023,1.044568,0,,13/08/2023,1.051526,0,,13/05/2023,1.036446,3918.345456
13/12/2023,1.061235,0,,13/08/2023,1.068193,0,,13/05/2023,1.053113,4506.060987
13/12/2023,1.077901,0,,13/08/2023,1.08486,323.049074,,13/05/2023,1.06978,5093.624004
13/12/2023,1.094568,0,,13/08/2023,1.101526,911.267851,,13/05/2023,1.086446,5681.0184
13/12/2023,1.111235,0,,13/08/2023,1.118193,1499.452261,,13/05/2023,1.103113,6268.220092
13/12/2023,1.127902,0,,13/08/2023,1.13486,2087.589495,,13/05/2023,1.11978,6855.210045
13/12/2023,1.144569,0,,13/08/2023,1.151527,2675.659646,,13/05/2023,1.136447,7441.964194
13/12/2023,1.161235,0,,13/08/2023,1.168194,3263.639233,,13/05/2023,1.153113,8028.47317
13/12/2023,1.177902,0,,13/08/2023,1.18486,3851.501418,,13/05/2023,1.16978,8614.703697
13/12/2023,1.194569,0,,13/08/2023,1.201527,4439.236396,,13/05/2023,1.186447,9200.650189
13/12/2023,1.211278,0,,13/08/2023,1.218194,5026.817758,,13/05/2023,1.203114,9786.284427
13/12/2023,1.227944,0,,13/08/2023,1.234861,5614.232761,,13/05/2023,1.219781,10371.58492
13/12/2023,1.244611,0,,13/08/2023,1.251528,6201.45396,,13/05/2023,1.236447,10956.53018
13/12/2023,1.261278,0,,13/08/2023,1.268194,6788.468621,,13/05/2023,1.253114,11541.1046
13/12/2023,1.277945,0,,13/08/2023,1.284861,7375.250157,,13/05/2023,1.269781,12125.29173
13/12/2023,1.294612,0,,13/08/2023,1.301528,7961.789617,,13/05/2023,1.286448,12709.07181
13/12/2023,1.311278,0,,13/08/2023,1.318195,8548.058754,,13/05/2023,1.303115,13292.41921
13/12/2023,1.327945,0,,13/08/2023,1.334862,9134.03521,,13/05/2023,1.319781,13875.31254
13/12/2023,1.344612,0,,13/08/2023,1.351528,9719.699159,,13/05/2023,1.336448,14457.73957
13/12/2023,1.361279,0,,13/08/2023,1.368195,10305.03832,,13/05/2023,1.353115,15039.68059
13/12/2023,1.377946,0,,13/08/2023,1.384862,10890.02784,,13/05/2023,1.369782,15621.11255
13/12/2023,1.394613,0,,13/08/2023,1.401529,11474.64878,,13/05/2023,1.386449,16202.01412
13/12/2023,1.411279,0,,13/08/2023,1.418195,12058.88133,,13/05/2023,1.403116,16782.36896
13/12/2023,1.427946,0,,13/08/2023,1.434862,12642.70657,,13/05/2023,1.419783,17362.15576
13/12/2023,1.444613,0,,13/08/2023,1.451529,13226.09971,,13/05/2023,1.43645,17941.3549
13/12/2023,1.46128,0,,13/08/2023,1.468198,13809.11522,,13/05/2023,1.453116,18519.94844
13/12/2023,1.477947,0,,13/08/2023,1.484864,14391.59244,,13/05/2023,1.469783,19097.91016
13/12/2023,1.494614,0,,13/08/2023,1.501531,14973.58837,,13/05/2023,1.48645,19675.22218
13/12/2023,1.51128,0,,13/08/2023,1.518198,15555.07916,,13/05/2023,1.503117,20251.87156
13/12/2023,1.527947,0,,13/08/2023,1.534865,16136.04013,,13/05/2023,1.519783,20827.83548
13/12/2023,1.544614,0,,13/08/2023,1.551532,16716.45495,,13/05/2023,1.53645,21403.09445
13/12/2023,1.561281,0,,13/08/2023,1.568198,17296.30397,,13/05/2023,1.553117,21977.62898
13/12/2023,1.577948,0,,13/08/2023,1.584865,17875.56756,,13/05/2023,1.569784,22551.41637
13/12/2023,1.594615,0,,13/08/2023,1.601532,18454.22282,,13/05/2023,1.586451,23124.44374
13/12/2023,1.611281,0,,13/08/2023,1.618199,19032.25677,,13/05/2023,1.603117,23696.68516
13/12/2023,1.627948,0,,13/08/2023,1.634866,19609.64819,,13/05/2023,1.619784,24268.12943
13/12/2023,1.644615,0,,13/08/2023,1.651532,20186.37093,,13/05/2023,1.636451,24838.7474
13/12/2023,1.661282,0,,13/08/2023,1.668199,20762.41703,,13/05/2023,1.653118,25408.52793
13/12/2023,1.677948,0,,13/08/2023,1.684866,21337.75709,,13/05/2023,1.669784,25977.44846
13/12/2023,1.694615,0,,13/08/2023,1.701533,21912.37493,,13/05/2023,1.686451,26545.48974
13/12/2023,1.711282,0,,13/08/2023,1.7182,22486.25111,,13/05/2023,1.703118,27112.63578
13/12/2023,1.727949,0,,13/08/2023,1.734866,23059.36948,,13/05/2023,1.719785,27678.85765
13/12/2023,1.744616,0,,13/08/2023,1.751533,23631.70572,,13/05/2023,1.736452,28244.14755
13/12/2023,1.761283,0,,13/08/2023,1.7682,24203.24046,,13/05/2023,1.753118,28808.47985
13/12/2023,1.77795,0,,13/08/2023,1.784867,24773.956,,13/05/2023,1.769785,29371.8403
13/12/2023,1.794617,0,,13/08/2023,1.801534,25343.83627,,13/05/2023,1.786452,29934.20017
13/12/2023,1.811284,0,,13/08/2023,1.818201,25912.86199,,13/05/2023,1.803119,30495.54687
13/12/2023,1.827951,0,,13/08/2023,1.834868,26481.00412,,13/05/2023,1.819785,31055.8646
13/12/2023,1.844617,0,,13/08/2023,1.851534,27048.25482,,13/05/2023,1.836452,31615.1312
13/12/2023,1.861284,0,,13/08/2023,1.868201,27614.58838,,13/05/2023,1.853119,32173.32773
13/12/2023,1.877951,0,,13/08/2023,1.884868,28179.98566,,13/05/2023,1.869786,32730.43529
13/12/2023,1.894618,0,,13/08/2023,1.901535,28744.43073,,13/05/2023,1.886453,33286.43185
13/12/2023,1.911285,0,,13/08/2023,1.918202,29307.9029,,13/05/2023,1.903119,33841.30179
13/12/2023,1.927951,0,,13/08/2023,1.934869,29870.38307,,13/05/2023,1.919786,34395.02631
13/12/2023,1.944618,0,,13/08/2023,1.951536,30431.849,,13/05/2023,1.936453,34947.5867
13/12/2023,1.961285,0,,13/08/2023,1.968202,30992.28491,,13/05/2023,1.953119,35498.96423
13/12/2023,1.977952,0,,13/08/2023,1.984869,31551.67503,,13/05/2023,1.969786,36049.14339
13/12/2023,1.994619,0,,13/08/2023,2.001536,32109.99402,,13/05/2023,1.986453,36598.09926
13/12/2023,2.011286,0,,13/08/2023,2.018203,32667.22301,,13/05/2023,2.00312,37145.81643
13/12/2023,2.027952,0,,13/08/2023,2.03487,33223.34951,,13/05/2023,2.019786,37692.27634
13/12/2023,2.044619,0,,13/08/2023,2.051537,33778.3515,,13/05/2023,2.036453,38237.4605
13/12/2023,2.061286,0,,13/08/2023,2.068203,34332.21021,,13/05/2023,2.05312,38781.35357
13/12/2023,2.077953,0,,13/08/2023,2.08487,34884.90372,,13/05/2023,2.069787,39323.93401
13/12/2023,2.09462,0,,13/08/2023,2.101537,35436.4228,,13/05/2023,2.086453,39865.18037
13/12/2023,2.111286,0,,13/08/2023,2.118203,35986.73617,,13/05/2023,2.10312,40405.07744
13/12/2023,2.127953,0,,13/08/2023,2.13487,36535.83152,,13/05/2023,2.119787,40943.61002
13/12/2023,2.14462,0,,13/08/2023,2.151537,37083.69026,,13/05/2023,2.136454,41480.75986
13/12/2023,2.161287,0,,13/08/2023,2.168204,37630.29386,,13/05/2023,2.15312,42016.49956
13/12/2023,2.177953,0,,13/08/2023,2.18487,38175.6238,,13/05/2023,2.169787,42550.81716
13/12/2023,2.19462,0,,13/08/2023,2.201537,38719.66163,,13/05/2023,2.186454,43083.70066
13/12/2023,2.211287,0,,13/08/2023,2.218204,39262.38895,,13/05/2023,2.203121,43615.11982
13/12/2023,2.227954,0,,13/08/2023,2.23487,39803.78737,,13/05/2023,2.219787,44145.0658
13/12/2023,2.244621,0,,13/08/2023,2.251537,40343.84166,,13/05/2023,2.236454,44673.5176
13/12/2023,2.261287,0,,13/08/2023,2.268204,40882.53044,,13/05/2023,2.253121,45200.46037
13/12/2023,2.277954,0,,13/08/2023,2.284871,41419.83241,,13/05/2023,2.269788,45725.87022
13/12/2023,2.294621,0,,13/08/2023,2.301538,41955.73553,,13/05/2023,2.286455,46249.7294
13/12/2023,2.311288,0,,13/08/2023,2.318204,42490.21858,,13/05/2023,2.303121,46772.02319
13/12/2023,2.327955,0,,13/08/2023,2.334871,43023.26652,,13/05/2023,2.319788,47292.7369
13/12/2023,2.344622,0,,13/08/2023,2.351538,43554.85217,,13/05/2023,2.336455,47811.8499
13/12/2023,2.361289,0,,13/08/2023,2.368205,44084.96667,,13/05/2023,2.353122,48329.34461
13/12/2023,2.377956,0,,13/08/2023,2.384871,44613.58903,,13/05/2023,2.369788,48845.20059
13/12/2023,2.394623,0,,13/08/2023,2.401538,45140.70438,,13/05/2023,2.386455,49359.40627
13/12/2023,2.411289,0,,13/08/2023,2.418205,45666.28884,,13/05/2023,2.403122,49871.94422
13/12/2023,2.427956,0,,13/08/2023,2.434872,46190.32465,,13/05/2023,2.419789,50382.79415
13/12/2023,2.444623,0,,13/08/2023,2.451539,46712.80007,,13/05/2023,2.436456,50891.93585
13/12/2023,2.46129,0,,13/08/2023,2.468206,47233.69739,,13/05/2023,2.453122,51399.35213
13/12/2023,2.477957,0,,13/08/2023,2.484872,47752.99597,,13/05/2023,2.469789,51905.02872
13/12/2023,2.494623,0,,13/08/2023,2.501539,48270.6753,,13/05/2023,2.486456,52408.94851
13/12/2023,2.51129,0,,13/08/2023,2.518206,48786.72082,,13/05/2023,2.503123,52911.09444
13/12/2023,2.527957,0,,13/08/2023,2.534873,49301.11212,,13/05/2023,2.519789,53411.45239
13/12/2023,2.544624,0,,13/08/2023,2.551539,49813.83476,,13/05/2023,2.536456,53910.00252
13/12/2023,2.561291,0,,13/08/2023,2.568206,50324.8743,,13/05/2023,2.553123,54406.7223
13/12/2023,2.577958,0,,13/08/2023,2.584873,50834.2105,,13/05/2023,2.56979,54901.60629
13/12/2023,2.594625,0,,13/08/2023,2.60154,51341.82322,,13/05/2023,2.586456,55394.63202
13/12/2023,2.611291,0,,13/08/2023,2.618207,51847.69821,,13/05/2023,2.603123,55885.78283
13/12/2023,2.627958,0,,13/08/2023,2.634873,52351.81835,,13/05/2023,2.61979,56375.04208
13/12/2023,2.644625,0,,13/08/2023,2.65154,52854.16656,,13/05/2023,2.636457,56862.39322
13/12/2023,2.661292,0,,13/08/2023,2.668207,53354.7287,,13/05/2023,2.653123,57347.81975
13/12/2023,2.677958,0,,13/08/2023,2.684873,53853.48496,,13/05/2023,2.66979,57831.30524
13/12/2023,2.694625,0,,13/08/2023,2.70154,54350.41845,,13/05/2023,2.686457,58312.82782
13/12/2023,2.711292,0,,13/08/2023,2.718207,54845.51235,,13/05/2023,2.703124,58792.38222
13/12/2023,2.727959,0,,13/08/2023,2.734874,55338.74991,,13/05/2023,2.71979,59269.94669
13/12/2023,2.744626,0,,13/08/2023,2.751541,55830.11443,,13/05/2023,2.736457,59745.49963
13/12/2023,2.761293,0,,13/08/2023,2.768207,56319.58927,,13/05/2023,2.753124,60219.03583
13/12/2023,2.77796,0,,13/08/2023,2.784874,56807.15231,,13/05/2023,2.769791,60690.53381
13/12/2023,2.794627,0,,13/08/2023,2.801541,57292.79821,,13/05/2023,2.786457,61159.97761
13/12/2023,2.811294,0,,13/08/2023,2.818208,57776.50492,,13/05/2023,2.803124,61627.35134
13/12/2023,2.82796,0,,13/08/2023,2.834874,58258.25608,,13/05/2023,2.819791,62092.63918
13/12/2023,2.844627,0,,13/08/2023,2.851541,58738.03539,,13/05/2023,2.836458,62555.82538
13/12/2023,2.861294,0,,13/08/2023,2.868208,59215.8266,,13/05/2023,2.853125,63016.89426
13/12/2023,2.877961,0,,13/08/2023,2.884875,59691.61355,,13/05/2023,2.869791,63475.82499
13/12/2023,2.894628,0,,13/08/2023,2.901541,60165.37471,,13/05/2023,2.886458,63932.61775
13/12/2023,2.911295,0,,13/08/2023,2.918208,60637.10491,,13/05/2023,2.903125,64387.24134
13/12/2023,2.927962,0,,13/08/2023,2.934875,61106.78273,,13/05/2023,2.919792,64839.68048
13/12/2023,2.944628,0,,13/08/2023,2.951542,61574.39228,,13/05/2023,2.936459,65289.93018
13/12/2023,2.961295,307.984209,,13/08/2023,2.968209,62039.91774,,13/05/2023,2.953125,65737.97003
13/12/2023,2.977962,896.20709,,13/08/2023,2.984875,62503.33805,,13/05/2023,2.969792,66183.77977
13/12/2023,2.994629,1484.396113,,13/08/2023,3.001542,62964.64814,,13/05/2023,2.986459,66627.35452
13/12/2023,3.011326,2073.614687,,13/08/2023,3.018209,63423.83232,,13/05/2023,3.003125,67068.67414
13/12/2023,3.027993,2661.679598,,13/08/2023,3.034876,63880.86454,,13/05/2023,3.019792,67507.72872
13/12/2023,3.04466,3249.657995,,13/08/2023,3.051542,64335.7346,,13/05/2023,3.036459,67944.49334
13/12/2023,3.061327,3837.526401,,13/08/2023,3.068209,64788.42193,,13/05/2023,3.053126,68378.95825
13/12/2023,3.077993,4425.268492,,13/08/2023,3.084876,65238.92157,,13/05/2023,3.069793,68811.10382
13/12/2023,3.09466,5012.857018,,13/08/2023,3.101543,65687.21308,,13/05/2023,3.086459,69240.93022
13/12/2023,3.111334,5600.533387,,13/08/2023,3.11821,66133.28129,,13/05/2023,3.103126,69668.40811
13/12/2023,3.128001,6187.763025,,13/08/2023,3.134876,66577.1111,,13/05/2023,3.119793,70093.52309
13/12/2023,3.144668,6774.782807,,13/08/2023,3.151543,67018.68245,,13/05/2023,3.13646,70516.27051
13/12/2023,3.161335,7361.569927,,13/08/2023,3.16821,67457.99551,,13/05/2023,3.153127,70936.63118
13/12/2023,3.178001,7948.111239,,13/08/2023,3.184876,67895.01531,,13/05/2023,3.169793,71354.59086
13/12/2023,3.194668,8534.387726,,13/08/2023,3.201543,68329.74209,,13/05/2023,3.18646,71770.13543
13/12/2023,3.211335,9120.371157,,13/08/2023,3.21821,68762.16106,,13/05/2023,3.203127,72183.2508
13/12/2023,3.228002,9706.045893,,13/08/2023,3.234877,69192.24769,,13/05/2023,3.219794,72593.92301
13/12/2023,3.244669,10291.39295,,13/08/2023,3.251544,69619.99239,,13/05/2023,3.23646,73002.13814
13/12/2023,3.261336,10876.39083,,13/08/2023,3.268211,70045.38067,,13/05/2023,3.253127,73407.88238
13/12/2023,3.278003,11461.02059,,13/08/2023,3.284878,70468.39814,,13/05/2023,3.269794,73811.1374
13/12/2023,3.294669,12045.2666,,13/08/2023,3.301674,70892.28482,,13/05/2023,3.286461,74211.90335
13/12/2023,3.311336,12629.10408,,13/08/2023,3.31834,71310.49912,,13/05/2023,3.303128,74610.15286
13/12/2023,3.328003,13212.51076,,13/08/2023,3.335007,71726.29979,,13/05/2023,3.319794,75005.87706
13/12/2023,3.34467,13795.46774,,13/08/2023,3.351674,72139.66803,,13/05/2023,3.336461,75399.06255
13/12/2023,3.361352,14378.49419,,13/08/2023,3.368345,72550.69779,,13/05/2023,3.353128,75789.69157
13/12/2023,3.378019,14960.49964,,13/08/2023,3.385011,72959.17288,,13/05/2023,3.369814,76178.22017
13/12/2023,3.394686,15542.00038,,13/08/2023,3.401678,73365.18318,,13/05/2023,3.386481,76563.70698
13/12/2023,3.411352,16122.97009,,13/08/2023,3.418345,73768.70563,,13/05/2023,3.403148,76946.60236
13/12/2023,3.428019,16703.39742,,13/08/2023,3.435182,74173.80745,,13/05/2023,3.419815,77326.889
13/12/2023,3.444686,17283.25939,,13/08/2023,3.451849,74572.29699,,13/05/2023,3.436481,77704.56705
13/12/2023,3.461352,17862.53306,,13/08/2023,3.468515,74968.26251,,13/05/2023,3.453148,78079.60644
13/12/2023,3.478019,18441.20877,,13/08/2023,3.485182,75361.69058,,13/05/2023,3.469815,78452.00738
13/12/2023,3.494686,19019.26029,,13/08/2023,3.501849,75752.56791,,13/05/2023,3.486482,78821.75298
13/12/2023,3.511353,19596.66972,,13/08/2023,3.518516,76140.88568,,13/05/2023,3.503149,79188.82653
13/12/2023,3.52802,20173.41421,,13/08/2023,3.535183,76526.62187,,13/05/2023,3.519815,79553.224
13/12/2023,3.544687,20749.47588,,13/08/2023,3.55185,76909.76787,,13/05/2023,3.536482,79914.92886
13/12/2023,3.561354,21324.83195,,13/08/2023,3.568516,77290.31073,,13/05/2023,3.553149,80273.92884
13/12/2023,3.578021,21899.46952,,13/08/2023,3.585183,77668.23755,,13/05/2023,3.569816,80630.21182
13/12/2023,3.594687,22473.3593,,13/08/2023,3.60185,78043.53984,,13/05/2023,3.586482,80983.76571
13/12/2023,3.611402,23048.13525,,13/08/2023,3.618517,78416.19629,,13/05/2023,3.603149,81334.57857
13/12/2023,3.628069,23620.48535,,13/08/2023,3.635184,78786.1986,,13/05/2023,3.619816,81682.63851
13/12/2023,3.644735,24192.0327,,13/08/2023,3.65185,79153.53426,,13/05/2023,3.636483,82027.93376
13/12/2023,3.661402,24762.76777,,13/08/2023,3.668517,79518.19082,,13/05/2023,3.65315,82370.45262
13/12/2023,3.678069,25332.66631,,13/08/2023,3.685184,79880.15594,,13/05/2023,3.669816,82710.18351
13/12/2023,3.694736,25901.70253,,13/08/2023,3.701851,80239.41737,,13/05/2023,3.686483,83047.11492
13/12/2023,3.711403,26469.8653,,13/08/2023,3.718518,80595.96296,,13/05/2023,3.70315,83381.23545
13/12/2023,3.72807,27037.13215,,13/08/2023,3.735185,80949.78466,,13/05/2023,3.719817,83712.53379
13/12/2023,3.744737,27603.48063,,13/08/2023,3.751852,81300.86241,,13/05/2023,3.736484,84040.99873
13/12/2023,3.761403,28168.89158,,13/08/2023,3.768518,81649.18839,,13/05/2023,3.75315,84366.61916
13/12/2023,3.77807,28733.35235,,13/08/2023,3.785185,81994.74686,,13/05/2023,3.769817,84689.38404
13/12/2023,3.794737,29296.83736,,13/08/2023,3.801852,82337.53795,,13/05/2023,3.786484,85009.28246
13/12/2023,3.811404,29859.34043,,13/08/2023,3.818519,82677.53824,,13/05/2023,3.803151,85326.30719
13/12/2023,3.828071,30420.83604,,13/08/2023,3.835185,83014.74016,,13/05/2023,3.819818,85640.43669
13/12/2023,3.844738,30981.29556,,13/08/2023,3.851852,83349.13229,,13/05/2023,3.836484,85951.67114
13/12/2023,3.861404,31540.70326,,13/08/2023,3.868519,83680.70333,,13/05/2023,3.853151,86259.99639
13/12/2023,3.878071,32099.04659,,13/08/2023,3.885186,84009.44204,,13/05/2023,3.869818,86565.40203
13/12/2023,3.894738,32656.30027,,13/08/2023,3.901853,84335.3373,,13/05/2023,3.886485,86867.8777
13/12/2023,3.911405,33212.44865,,13/08/2023,3.918519,84658.37807,,13/05/2023,3.903152,87167.41317
13/12/2023,3.928072,33767.47288,,13/08/2023,3.935186,84978.55344,,13/05/2023,3.919818,87463.99831
13/12/2023,3.944739,34321.3542,,13/08/2023,3.951853,85295.85255,,13/05/2023,3.936485,87757.62641
13/12/2023,3.961405,34874.07385,,13/08/2023,3.96852,85610.26466,,13/05/2023,3.953152,88048.28082
13/12/2023,3.978072,35425.61627,,13/08/2023,3.985187,85921.77915,,13/05/2023,3.969819,88335.95835
13/12/2023,3.994739,35975.9565,,13/08/2023,4.001853,86230.38897,,13/05/2023,3.986486,88620.64269
13/12/2023,4.011406,36525.07591,,13/08/2023,4.01852,86536.07662,,13/05/2023,4.003153,88902.32749
13/12/2023,4.028073,37072.96847,,13/08/2023,4.035187,86838.8353,,13/05/2023,4.019819,89181.00324
13/12/2023,4.04474,37619.59996,,13/08/2023,4.051854,87138.65135,,13/05/2023,4.036486,89456.6605
13/12/2023,4.061406,38164.95814,,13/08/2023,4.068521,87435.52149,,13/05/2023,4.053153,89729.28993
13/12/2023,4.078073,38709.02456,,13/08/2023,4.085187,87729.43221,,13/05/2023,4.06982,89998.87925
13/12/2023,4.09474,39251.78081,,13/08/2023,4.101854,88020.37357,,13/05/2023,4.086486,90265.4255
13/12/2023,4.111407,39793.20541,,13/08/2023,4.118521,88308.33572,,13/05/2023,4.103153,90528.91655
13/12/2023,4.128073,40333.28624,,13/08/2023,4.135188,88593.30892,,13/05/2023,4.11982,90789.34348
13/12/2023,4.14474,40872.00192,,13/08/2023,4.151855,88875.28031,,13/05/2023,4.136487,91046.69749
13/12/2023,4.161407,41409.33422,,13/08/2023,4.168521,89154.2468,,13/05/2023,4.153153,91300.96986
13/12/2023,4.178074,41945.26493,,13/08/2023,4.185188,89430.1957,,13/05/2023,4.16982,91552.15198
13/12/2023,4.194741,42479.779,,13/08/2023,4.201857,89703.14563,,13/05/2023,4.186487,91800.23535
13/12/2023,4.211408,43012.85219,,13/08/2023,4.218523,89973.02806,,13/05/2023,4.203154,92045.21159
13/12/2023,4.228074,43544.46953,,13/08/2023,4.23519,90239.86829,,13/05/2023,4.219821,92287.07238
13/12/2023,4.244741,44074.61607,,13/08/2023,4.251857,90503.6542,,13/05/2023,4.236487,92525.80955
13/12/2023,4.261408,44603.2708,,13/08/2023,4.268524,90764.37981,,13/05/2023,4.253154,92761.41502
13/12/2023,4.278075,45130.41283,,13/08/2023,4.285191,91022.03327,,13/05/2023,4.269821,92993.88081
13/12/2023,4.294742,45656.02733,,13/08/2023,4.301857,91276.60295,,13/05/2023,4.286488,93223.19906
13/12/2023,4.311409,46180.09952,,13/08/2023,4.318524,91528.08322,,13/05/2023,4.303155,93449.362
13/12/2023,4.328075,46702.61163,,13/08/2023,4.335191,91776.4599,,13/05/2023,4.319821,93672.36198
13/12/2023,4.344742,47223.53701,,13/08/2023,4.351858,92021.74154,,13/05/2023,4.336488,93892.19145
13/12/2023,4.361409,47742.86403,,13/08/2023,4.368525,92263.90289,,13/05/2023,4.353155,94108.84296
13/12/2023,4.378076,48260.57215,,13/08/2023,4.385191,92502.93597,,13/05/2023,4.369822,94322.3092
13/12/2023,4.394742,48776.64977,,13/08/2023,4.401858,92738.84899,,13/05/2023,4.386489,94532.58292
13/12/2023,4.411409,49291.07352,,13/08/2023,4.418525,92971.61237,,13/05/2023,4.403156,94739.66173
13/12/2023,4.428076,49803.83187,,13/08/2023,4.435192,93201.23432,,13/05/2023,4.419823,94943.52449
13/12/2023,4.444743,50314.90452,,13/08/2023,4.451858,93427.70171,,13/05/2023,4.43649,95144.18298
13/12/2023,4.46141,50824.27126,,13/08/2023,4.468525,93651.00687,,13/05/2023,4.453156,95341.61651
13/12/2023,4.478076,51331.92068,,13/08/2023,4.485192,93871.14224,,13/05/2023,4.469823,95535.82303
13/12/2023,4.494743,51837.84135,,13/08/2023,4.501858,94088.10038,,13/05/2023,4.48649,95726.79597
13/12/2023,4.51141,52342.00454,,13/08/2023,4.518525,94301.86907,,13/05/2023,4.503157,95914.52887
13/12/2023,4.528078,52844.39607,,13/08/2023,4.535192,94512.45567,,13/05/2023,4.519824,96099.01537
13/12/2023,4.544744,53344.99323,,13/08/2023,4.552048,94722.17437,,13/05/2023,4.53649,96280.24922
13/12/2023,4.561411,53843.78199,,13/08/2023,4.568715,94926.31476,,13/05/2023,4.553157,96458.22429
13/12/2023,4.578078,54340.75684,,13/08/2023,4.585382,95127.24677,,13/05/2023,4.569824,96632.93456
13/12/2023,4.594745,54835.88674,,13/08/2023,4.602049,95324.95438,,13/05/2023,4.586491,96804.37411
13/12/2023,4.611412,55329.16061,,13/08/2023,4.618715,95519.43113,,13/05/2023,4.603158,96972.53715
13/12/2023,4.628078,55820.56177,,13/08/2023,4.635386,95710.71841,,13/05/2023,4.619824,97137.41798
13/12/2023,4.644745,56310.06799,,13/08/2023,4.652052,95898.72646,,13/05/2023,4.636504,97299.13548
13/12/2023,4.661412,56797.67391,,13/08/2023,4.668719,96083.48864,,13/05/2023,4.653171,97457.43269
13/12/2023,4.678079,57283.35741,,13/08/2023,4.685386,96264.99871,,13/05/2023,4.669837,97612.43128
13/12/2023,4.694746,57767.10757,,13/08/2023,4.702053,96443.25455,,13/05/2023,4.686504,97764.126
13/12/2023,4.711412,58248.89696,,13/08/2023,4.71872,96618.24198,,13/05/2023,4.703171,97912.51171
13/12/2023,4.728079,58728.7148,,13/08/2023,4.735386,96789.9592,,13/05/2023,4.719838,98057.58341
13/12/2023,4.744746,59206.54487,,13/08/2023,4.752053,96958.40038,,13/05/2023,4.736505,98199.33616
13/12/2023,4.761413,59682.37099,,13/08/2023,4.76872,97123.55983,,13/05/2023,4.753171,98337.76205
13/12/2023,4.77808,60156.17163,,13/08/2023,4.785387,97285.43196,,13/05/2023,4.769838,98472.86273
13/12/2023,4.794746,60627.94162,,13/08/2023,4.802053,97444.0077,,13/05/2023,4.78651,98604.66913
13/12/2023,4.811419,61097.85264,,13/08/2023,4.818721,97599.29245,,13/05/2023,4.803176,98733.09837
13/12/2023,4.828086,61565.50709,,13/08/2023,4.835387,97751.27019,,13/05/2023,4.819843,98858.18582
13/12/2023,4.844753,62031.07238,,13/08/2023,4.852054,97899.93936,,13/05/2023,4.83651,98979.92723
13/12/2023,4.86142,62494.53812,,13/08/2023,4.868721,98045.29492,,13/05/2023,4.853177,99098.32116
13/12/2023,4.878087,62955.88862,,13/08/2023,4.885388,98187.33197,,13/05/2023,4.869844,99213.35817
13/12/2023,4.894754,63415.10826,,13/08/2023,4.902055,98326.0457,,13/05/2023,4.886511,99325.03714
13/12/2023,4.911421,63872.1815,,13/08/2023,4.918722,98461.4314,,13/05/2023,4.903177,99433.35427
13/12/2023,4.928087,64327.09288,,13/08/2023,4.935388,98593.48449,,13/05/2023,4.919844,99538.3059
13/12/2023,4.944754,64779.82698,,13/08/2023,4.952055,98722.20051,,13/05/2023,4.936511,99639.88847
13/12/2023,4.961421,65230.3685,,13/08/2023,4.968721,98847.57511,,13/05/2023,4.953178,99738.09634
13/12/2023,4.978088,65678.7073,,13/08/2023,4.985388,98969.60127,,13/05/2023,4.969845,99832.93069
13/12/2023,4.994755,66124.81794,,13/08/2023,5.002055,99088.28046,,13/05/2023,4.986511,99924.38601
13/12/2023,5.011422,66568.69553,,13/08/2023,5.018722,99203.60583,,13/05/2023,5.003178,100012.4592
13/12/2023,5.028089,67010.31489,,13/08/2023,5.035388,99315.57347,,13/05/2023,5.019845,100097.1473
13/12/2023,5.044755,67449.66617,,13/08/2023,5.052055,99424.1796,,13/05/2023,5.036511,100178.4474
13/12/2023,5.061422,67886.73449,,13/08/2023,5.068722,99529.42054,,13/05/2023,5.053178,100256.3568
13/12/2023,5.078089,68321.50507,,13/08/2023,5.085389,99631.29272,,13/05/2023,5.069845,100330.8729
13/12/2023,5.094756,68753.96318,,13/08/2023,5.102056,99729.79492,,13/05/2023,5.086512,100401.9931
13/12/2023,5.111423,69184.09418,,13/08/2023,5.118723,99824.9193,,13/05/2023,5.103179,100469.715
13/12/2023,5.128089,69611.88353,,13/08/2023,5.13539,99916.66492,,13/05/2023,5.119845,100534.0363
13/12/2023,5.144756,70037.31674,,13/08/2023,5.152056,100005.0267,,13/05/2023,5.136512,100594.9548
13/12/2023,5.161423,70460.37458,,13/08/2023,5.168723,100090.0057,,13/05/2023,5.153179,100652.4686
13/12/2023,5.17809,70881.05242,,13/08/2023,5.18539,100171.5969,,13/05/2023,5.169846,100706.5755
13/12/2023,5.194757,71299.33116,,13/08/2023,5.202056,100249.7977,,13/05/2023,5.186512,100757.2739
13/12/2023,5.211423,71715.20139,,13/08/2023,5.218723,100324.6054,,13/05/2023,5.203179,100804.562
13/12/2023,5.22809,72128.64424,,13/08/2023,5.23539,100396.0173,,13/05/2023,5.219846,100848.4381
13/12/2023,5.244757,72539.64101,,13/08/2023,5.252057,100464.0312,,13/05/2023,5.236513,100888.9009
13/12/2023,5.261424,72948.18256,,13/08/2023,5.268723,100528.6447,,13/05/2023,5.25318,100925.9489
13/12/2023,5.27809,73354.25503,,13/08/2023,5.28539,100589.8556,,13/05/2023,5.269847,100959.5808
13/12/2023,5.294757,73757.84471,,13/08/2023,5.302057,100647.6619,,13/05/2023,5.286514,100989.7956
13/12/2023,5.311424,74158.93791,,13/08/2023,5.318724,100702.0616,,13/05/2023,5.30318,101016.5923
13/12/2023,5.328091,74557.52108,,13/08/2023,5.335391,100753.0528,,13/05/2023,5.319847,101039.9698
13/12/2023,5.344758,74953.57619,,13/08/2023,5.352057,100800.6339,,13/05/2023,5.336514,101059.9275
13/12/2023,5.361424,75347.09891,,13/08/2023,5.368724,100844.8032,,13/05/2023,5.353181,101076.4649
13/12/2023,5.378091,75738.07583,,13/08/2023,5.385391,100885.5592,,13/05/2023,5.369848,101089.5806
13/12/2023,5.394758,76126.48034,,13/08/2023,5.402058,100922.9006,,13/05/2023,5.386514,101099.275
13/12/2023,5.411425,76512.31267,,13/08/2023,5.418725,100956.826,,13/05/2023,5.403181,101105.5475
13/12/2023,5.428092,76895.55967,,13/08/2023,5.435392,100987.3351,,13/05/2023,5.419848,101108.398
13/12/2023,5.444776,77276.59465,,13/08/2023,5.452059,101014.4253,,13/05/2023,5.436515,101107.8262
13/12/2023,5.461443,77654.62061,,13/08/2023,5.468726,101038.0965,,13/05/2023,5.453181,101103.8323
13/12/2023,5.47811,78030.01388,,13/08/2023,5.485392,101058.3478,,13/05/2023,5.469848,101096.4163
13/12/2023,5.494777,78402.76607,,13/08/2023,5.502059,101075.1787,,13/05/2023,5.486515,101085.5786
13/12/2023,5.511444,78772.86459,,13/08/2023,5.518726,101088.5885,,13/05/2023,5.503181,101071.3194
13/12/2023,5.52811,79140.29689,,13/08/2023,5.535393,101098.5768,,13/05/2023,5.519848,101053.6397
13/12/2023,5.544777,79505.05055,,13/08/2023,5.552059,101105.1432,,13/05/2023,5.536515,101032.5393
13/12/2023,5.561444,79867.11322,,13/08/2023,5.568726,101108.2875,,13/05/2023,5.553182,101008.0187
13/12/2023,5.578111,80226.47264,,13/08/2023,5.585393,101108.0096,,13/05/2023,5.569853,100980.0723
13/12/2023,5.594778,80583.11665,,13/08/2023,5.60206,101104.3096,,13/05/2023,5.58652,100948.7147
13/12/2023,5.611444,80937.04125,,13/08/2023,5.618727,101097.1877,,13/05/2023,5.603187,100913.9403
13/12/2023,5.628111,81288.21426,,13/08/2023,5.635393,101086.6438,,13/05/2023,5.619853,100875.7503
13/12/2023,5.644778,81636.63995,,13/08/2023,5.65206,101072.6785,,13/05/2023,5.63652,100834.146
13/12/2023,5.661445,81982.3025,,13/08/2023,5.668727,101055.2923,,13/05/2023,5.653187,100789.1288
13/12/2023,5.678112,82325.19022,,13/08/2023,5.685393,101034.4856,,13/05/2023,5.669854,100740.7001
13/12/2023,5.694778,82665.29149,,13/08/2023,5.70206,101010.2592,,13/05/2023,5.686521,100688.8617
13/12/2023,5.711445,83002.59865,,13/08/2023,5.718727,100982.6139,,13/05/2023,5.703187,100633.6153
13/12/2023,5.728112,83337.09256,,13/08/2023,5.735394,100951.5507,,13/05/2023,5.719854,100574.9628
13/12/2023,5.744779,83668.76578,,13/08/2023,5.752061,100917.0706,,13/05/2023,5.736521,100512.9062
13/12/2023,5.761446,83997.61082,,13/08/2023,5.768728,100879.1748,,13/05/2023,5.753188,100447.4475
13/12/2023,5.778112,84323.60904,,13/08/2023,5.785394,100837.8646,,13/05/2023,5.769855,100378.589
13/12/2023,5.794779,84646.75685,,13/08/2023,5.802061,100793.1413,,13/05/2023,5.786521,100306.333
13/12/2023,5.811447,84967.03957,,13/08/2023,5.818728,100745.0065,,13/05/2023,5.803188,100230.6819
13/12/2023,5.828114,85284.44275,,13/08/2023,5.835395,100693.4618,,13/05/2023,5.819855,100151.6384
13/12/2023,5.84478,85598.95933,,13/08/2023,5.852061,100638.509,,13/05/2023,5.836522,100069.205
13/12/2023,5.861447,85910.57865,,13/08/2023,5.868728,100580.1498,,13/05/2023,5.853189,99983.38465
13/12/2023,5.878114,86219.29369,,13/08/2023,5.885395,100518.3864,,13/05/2023,5.869855,99894.18015
13/12/2023,5.894781,86525.08694,,13/08/2023,5.902062,100453.2207,,13/05/2023,5.886522,99801.59671
13/12/2023,5.911448,86827.95503,,13/08/2023,5.918729,100384.655,,13/05/2023,5.903189,99705.63323
13/12/2023,5.928114,87127.8808,,13/08/2023,5.935396,100312.6916,,13/05/2023,5.919856,99606.29503
13/12/2023,5.944781,87424.85418,,13/08/2023,5.952063,100237.3329,,13/05/2023,5.936522,99503.58548
13/12/2023,5.961448,87718.87193,,13/08/2023,5.968729,100158.5815,,13/05/2023,5.953189,99397.50805
13/12/2023,5.978115,88009.92399,,13/08/2023,5.985396,100076.4401,,13/05/2023,5.969856,99288.06633
13/12/2023,5.994781,88297.99384,,13/08/2023,6.002063,99990.91137,,13/05/2023,5.986523,99175.26141
13/12/2023,6.011448,88583.07509,,13/08/2023,6.01873,99901.9983,,13/05/2023,6.00319,99059.10226
13/12/2023,6.028115,88865.1613,,13/08/2023,6.035396,99809.70387,,13/05/2023,6.019856,98939.59028
13/12/2023,6.044782,89144.23646,,13/08/2023,6.052063,99714.03119,,13/05/2023,6.036523,98816.72951
13/12/2023,6.061449,89420.29438,,13/08/2023,6.06873,99614.98352,,13/05/2023,6.05319,98690.52412
13/12/2023,6.078116,89693.3257,,13/08/2023,6.085397,99512.5642,,13/05/2023,6.069857,98560.97836
13/12/2023,6.094783,89963.32119,,13/08/2023,6.102064,99406.77669,,13/05/2023,6.086524,98428.09663
13/12/2023,6.11145,90230.27171,,13/08/2023,6.11873,99297.62459,,13/05/2023,6.10319,98291.88342
13/12/2023,6.128116,90494.16823,,13/08/2023,6.135397,99185.11157,,13/05/2023,6.119857,98152.34658
13/12/2023,6.144783,90755.0018,,13/08/2023,6.152064,99069.24146,,13/05/2023,6.136524,98009.48445
13/12/2023,6.16145,91012.76361,,13/08/2023,6.168731,98950.01541,,13/05/2023,6.153191,97863.305
13/12/2023,6.178117,91267.44493,,13/08/2023,6.185398,98827.4429,,13/05/2023,6.169858,97713.81319
13/12/2023,6.194783,91519.03714,,13/08/2023,6.202065,98701.5254,,13/05/2023,6.186524,97561.01409
13/12/2023,6.21145,91767.53172,,13/08/2023,6.218731,98572.27017,,13/05/2023,6.203191,97404.91285
13/12/2023,6.228117,92012.92026,,13/08/2023,6.235398,98439.67566,,13/05/2023,6.219858,97245.51477
13/12/2023,6.244784,92255.19447,,13/08/2023,6.252065,98303.74928,,13/05/2023,6.236525,97082.82525
13/12/2023,6.261451,92494.34612,,13/08/2023,6.268731,98164.49564,,13/05/2023,6.253191,96916.85361
13/12/2023,6.278117,92730.36714,,13/08/2023,6.285398,98021.91944,,13/05/2023,6.269858,96747.59789
13/12/2023,6.294784,92963.24954,,13/08/2023,6.302065,97876.02551,,13/05/2023,6.286525,96575.06757
13/12/2023,6.311451,93192.98542,,13/08/2023,6.318732,97726.81879,,13/05/2023,6.303192,96399.26849
13/12/2023,6.328118,93419.56702,,13/08/2023,6.335399,97574.3008,,13/05/2023,6.319859,96220.20248
13/12/2023,6.344785,93642.98667,,13/08/2023,6.352066,97418.48369,,13/05/2023,6.336525,96037.88377
13/12/2023,6.361452,93863.2368,,13/08/2023,6.368732,97259.36928,,13/05/2023,6.353192,95852.31449
13/12/2023,6.378118,94080.30996,,13/08/2023,6.385399,97096.96294,,13/05/2023,6.369859,95663.50092
13/12/2023,6.394785,94294.19881,,13/08/2023,6.402066,96931.27019,,13/05/2023,6.386526,95471.44945
13/12/2023,6.411452,94504.90088,,13/08/2023,6.418733,96762.30052,,13/05/2023,6.403193,95276.16657
13/12/2023,6.428119,94712.39941,,13/08/2023,6.435399,96590.05193,,13/05/2023,6.419859,95077.65889
13/12/2023,6.444786,94916.69222,,13/08/2023,6.452066,96414.53408,,13/05/2023,6.436526,94875.93315
13/12/2023,6.461452,95117.77241,,13/08/2023,6.468733,96235.7529,,13/05/2023,6.453193,94670.99615
13/12/2023,6.478119,95315.63316,,13/08/2023,6.4854,96053.71446,,13/05/2023,6.46986,94462.85485
13/12/2023,6.494786,95510.26337,,13/08/2023,6.502067,95868.4249,,13/05/2023,6.486526,94251.51628
13/12/2023,6.511453,95701.66535,,13/08/2023,6.518734,95679.8905,,13/05/2023,6.503193,94036.9876
13/12/2023,6.52812,95889.82814,,13/08/2023,6.5354,95488.11321,,13/05/2023,6.51986,93819.27606
13/12/2023,6.544786,96074.74536,,13/08/2023,6.552067,95293.10381,,13/05/2023,6.536527,93598.38395
13/12/2023,6.561453,96256.41076,,13/08/2023,6.568734,95094.87805,,13/05/2023,6.553194,93374.33403
13/12/2023,6.57812,96434.81819,,13/08/2023,6.585401,94893.42912,,13/05/2023,6.56986,93147.11858
13/12/2023,6.594787,96609.96161,,13/08/2023,6.602067,94688.76836,,13/05/2023,6.586527,92916.7504
13/12/2023,6.611454,96781.83509,,13/08/2023,6.618734,94480.90269,,13/05/2023,6.603194,92683.23729
13/12/2023,6.62812,96950.43664,,13/08/2023,6.635401,94269.83914,,13/05/2023,6.619861,92446.58715
13/12/2023,6.644787,97115.75283,,13/08/2023,6.652068,94055.58486,,13/05/2023,6.636528,92206.80799
13/12/2023,6.661454,97277.77829,,13/08/2023,6.668735,93838.14709,,13/05/2023,6.653226,91963.44352
13/12/2023,6.678121,97436.51495,,13/08/2023,6.685401,93617.53321,,13/05/2023,6.669893,91717.42486
13/12/2023,6.694788,97591.9537,,13/08/2023,6.702068,93393.75067,,13/05/2023,6.68656,91468.30186
13/12/2023,6.711454,97744.08927,,13/08/2023,6.718735,93166.80705,,13/05/2023,6.703227,91216.08295
13/12/2023,6.728121,97892.91652,,13/08/2023,6.735402,92936.71004,,13/05/2023,6.719893,90960.77667
13/12/2023,6.744788,98038.43041,,13/08/2023,6.752069,92703.47278,,13/05/2023,6.73656,90702.39463
13/12/2023,6.761454,98180.6228,,13/08/2023,6.768735,92467.09251,,13/05/2023,6.753227,90440.93666
13/12/2023,6.778121,98319.49537,,13/08/2023,6.785402,92227.58253,,13/05/2023,6.769894,90176.42052
13/12/2023,6.794788,98455.04321,,13/08/2023,6.802069,91984.95093,,13/05/2023,6.786561,89908.84912
13/12/2023,6.811455,98587.25552,,13/08/2023,6.818736,91739.20594,,13/05/2023,6.803227,89638.23764
13/12/2023,6.828121,98716.13097,,13/08/2023,6.835402,91490.35587,,13/05/2023,6.819894,89364.59534
13/12/2023,6.844788,98841.6652,,13/08/2023,6.852069,91238.40914,,13/05/2023,6.836561,89087.92522
13/12/2023,6.861455,98963.85394,,13/08/2023,6.868736,90983.37429,,13/05/2023,6.853228,88808.23976
13/12/2023,6.878122,99082.6904,,13/08/2023,6.885403,90725.26291,,13/05/2023,6.869895,88525.54843
13/12/2023,6.894788,99198.17599,,13/08/2023,6.90207,90464.07784,,13/05/2023,6.886561,88239.86079
13/12/2023,6.911456,99310.30656,,13/08/2023,6.918736,90199.83084,,13/05/2023,6.903228,87951.18319
13/12/2023,6.928122,99419.07319,,13/08/2023,6.935403,89932.53087,,13/05/2023,6.919895,87659.53536
13/12/2023,6.944789,99524.4748,,13/08/2023,6.95207,89662.18697,,13/05/2023,6.936562,87364.91722
13/12/2023,6.961456,99626.50783,,13/08/2023,6.968736,89388.8083,,13/05/2023,6.953228,87067.34206
13/12/2023,6.978123,99725.16881,,13/08/2023,6.985403,89112.40409,,13/05/2023,6.969895,86766.81995
13/12/2023,6.997634,99836.38206,,13/08/2023,7.00207,88832.98694,,13/05/2023,6.986562,86463.36106
13/12/2023,7.014301,99927.71203,,13/08/2023,7.018737,88550.55664,,13/05/2023,7.003229,86156.97213
13/12/2023,7.030968,100015.6598,,13/08/2023,7.035404,88265.1324,,13/05/2023,7.019896,85847.67056
13/12/2023,7.047635,100100.2223,,13/08/2023,7.052071,87976.72067,,13/05/2023,7.036562,85535.46332
13/12/2023,7.064301,100181.3968,,13/08/2023,7.068737,87685.33121,,13/05/2023,7.053229,85220.36097
13/12/2023,7.080968,100259.1804,,13/08/2023,7.085404,87390.97388,,13/05/2023,7.069896,84902.37785
13/12/2023,7.097635,100333.5706,,13/08/2023,7.102071,87093.65865,,13/05/2023,7.086563,84581.51743
13/12/2023,7.114302,100404.5648,,13/08/2023,7.118738,86793.39558,,13/05/2023,7.10323,84257.79419
13/12/2023,7.130969,100472.1606,,13/08/2023,7.135405,86490.19482,,13/05/2023,7.119896,83931.2191
13/12/2023,7.147635,100536.3558,,13/08/2023,7.152071,86184.06665,,13/05/2023,7.136563,83601.80321
13/12/2023,7.164302,100597.1481,,13/08/2023,7.168738,85875.02143,,13/05/2023,7.15323,83269.55766
13/12/2023,7.180969,100654.5356,,13/08/2023,7.185405,85563.06961,,13/05/2023,7.169897,82934.4937
13/12/2023,7.197636,100708.5162,,13/08/2023,7.202072,85248.22537,,13/05/2023,7.186563,82596.62656
13/12/2023,7.214303,100759.0893,,13/08/2023,7.218739,84930.48852,,13/05/2023,7.20323,82255.95994
13/12/2023,7.23097,100806.2508,,13/08/2023,7.235405,84609.88065,,13/05/2023,7.219897,81912.50921
13/12/2023,7.247637,100850.0003,,13/08/2023,7.252072,84286.40902,,13/05/2023,7.236564,81566.28601
13/12/2023,7.264304,100890.3364,,13/08/2023,7.268739,83960.08456,,13/05/2023,7.253256,81216.76478
13/12/2023,7.28097,100927.2577,,13/08/2023,7.285406,83630.91832,,13/05/2023,7.269923,80865.02766
13/12/2023,7.297637,100960.7629,,13/08/2023,7.302073,83298.92144,,13/05/2023,7.28659,80510.54946
13/12/2023,7.314304,100990.8509,,13/08/2023,7.318739,82964.10516,,13/05/2023,7.303257,80153.35027
13/12/2023,7.330971,101017.5207,,13/08/2023,7.335406,82626.48081,,13/05/2023,7.319923,79793.43815
13/12/2023,7.347638,101040.7714,,13/08/2023,7.352073,82286.05982,,13/05/2023,7.33659,79430.82527
13/12/2023,7.364304,101060.6021,,13/08/2023,7.36874,81942.8537,,13/05/2023,7.353257,79065.52391
13/12/2023,7.380971,101077.0123,,13/08/2023,7.385406,81596.87011,,13/05/2023,7.369924,78697.54222
13/12/2023,7.397638,101090.0014,,13/08/2023,7.402073,81248.12867,,13/05/2023,7.386591,78326.90106
13/12/2023,7.414371,101099.5997,,13/08/2023,7.41874,80896.63724,,13/05/2023,7.403258,77953.60449
13/12/2023,7.431037,101105.7318,,13/08/2023,7.435407,80542.41179,,13/05/2023,7.419925,77577.67371
13/12/2023,7.447704,101108.4419,,13/08/2023,7.452074,80185.45209,,13/05/2023,7.436591,77199.11716
13/12/2023,7.464371,101107.7297,,13/08/2023,7.46874,79825.78245,,13/05/2023,7.453258,76817.94768
13/12/2023,7.481038,101103.5953,,13/08/2023,7.485409,79463.38182,,13/05/2023,7.469925,76434.17815
13/12/2023,7.497705,101096.0389,,13/08/2023,7.502076,79098.32053,,13/05/2023,7.486592,76047.82157
13/12/2023,7.514371,101085.0607,,13/08/2023,7.518742,78730.58201,,13/05/2023,7.503258,75658.89548
13/12/2023,7.531038,101070.6611,,13/08/2023,7.535409,78360.18297,,13/05/2023,7.519925,75267.40414
13/12/2023,7.547705,101052.8406,,13/08/2023,7.552076,77987.11889,,13/05/2023,7.536592,74873.36977
13/12/2023,7.564372,101031.5998,,13/08/2023,7.569327,77598.1938,,13/05/2023,7.553258,74476.79667
13/12/2023,7.581038,101006.94,,13/08/2023,7.585994,77219.77978,,13/05/2023,7.569925,74077.70278
13/12/2023,7.597705,100978.8609,,13/08/2023,7.602661,76838.75212,,13/05/2023,7.586592,73676.1062
13/12/2023,7.614372,100947.364,,13/08/2023,7.619328,76455.12372,,13/05/2023,7.603259,73272.01134
13/12/2023,7.631038,100912.4504,,13/08/2023,7.635994,76068.91198,,13/05/2023,7.619925,72865.44112
13/12/2023,7.647705,100874.1211,,13/08/2023,7.652661,75680.12116,,13/05/2023,7.636592,72456.40001
13/12/2023,7.664372,100832.3777,,13/08/2023,7.669328,75288.7688,,13/05/2023,7.653259,72044.90647
13/12/2023,7.681038,100787.2213,,13/08/2023,7.685995,74894.86816,,13/05/2023,7.669926,71630.97445
13/12/2023,7.697705,100738.6537,,13/08/2023,7.702662,74498.43712,,13/05/2023,7.686593,71214.61795
13/12/2023,7.714372,100686.6763,,13/08/2023,7.719328,74099.48002,,13/05/2023,7.703259,70795.85106
13/12/2023,7.731039,100631.291,,13/08/2023,7.735995,73698.01489,,13/05/2023,7.719926,70374.68795
13/12/2023,7.747705,100572.5011,,13/08/2023,7.752662,73294.05068,,13/05/2023,7.736593,69951.14289
13/12/2023,7.764372,100510.3058,,13/08/2023,7.769329,72887.61031,,13/05/2023,7.75326,69525.23021
13/12/2023,7.781039,100444.7086,,13/08/2023,7.785995,72478.70293,,13/05/2023,7.769927,69096.96923
13/12/2023,7.797706,100375.7116,,13/08/2023,7.802662,72067.33766,,13/05/2023,7.786593,68666.35972
13/12/2023,7.814373,100303.3155,,13/08/2023,7.819329,71653.53783,,13/05/2023,7.80326,68233.43098
13/12/2023,7.83104,100227.5261,,13/08/2023,7.835996,71237.31753,,13/05/2023,7.819927,67798.19276
13/12/2023,7.847707,100148.3444,,13/08/2023,7.852663,70818.68133,,13/05/2023,7.836594,67360.65978
13/12/2023,7.864373,100065.7729,,13/08/2023,7.869329,70397.64815,,13/05/2023,7.853261,66920.84687
13/12/2023,7.881058,99979.72222,,13/08/2023,7.885996,69974.23223,,13/05/2023,7.869927,66478.77396
13/12/2023,7.897725,99890.37627,,13/08/2023,7.902663,69548.45279,,13/05/2023,7.886594,66034.44592
13/12/2023,7.914391,99797.64936,,13/08/2023,7.919334,69120.21132,,13/05/2023,7.903261,65587.88283
13/12/2023,7.931058,99701.54461,,13/08/2023,7.936001,68689.73297,,13/05/2023,7.919928,65139.09979
13/12/2023,7.947725,99602.06529,,13/08/2023,7.952668,68256.92473,,13/05/2023,7.93663,64687.14453
13/12/2023,7.964424,99499.01377,,13/08/2023,7.969334,67821.81613,,13/05/2023,7.953297,64233.96259
13/12/2023,7.981091,99392.78904,,13/08/2023,7.986001,67384.40702,,13/05/2023,7.969964,63778.60653
13/12/2023,7.997757,99283.20018,,13/08/2023,8.002667,66944.71717,,13/05/2023,7.98663,63321.09177
13/12/2023,8.014424,99170.25089,,13/08/2023,8.019335,66502.76651,,13/05/2023,8.003297,62861.4338
13/12/2023,8.031091,99053.94502,,13/08/2023,8.036001,66058.55991,,13/05/2023,8.019964,62399.64817
13/12/2023,8.047757,98934.28926,,13/08/2023,8.052668,65612.11744,,13/05/2023,8.036631,61935.75583
13/12/2023,8.064425,98811.28219,,13/08/2023,8.069335,65163.45421,,13/05/2023,8.053297,61469.76187
13/12/2023,8.081091,98684.92774,,13/08/2023,8.086001,64712.5854,,13/05/2023,8.069964,61001.68735
13/12/2023,8.097758,98555.23598,,13/08/2023,8.102669,64259.52628,,13/05/2023,8.086631,60531.54812
13/12/2023,8.114425,98422.20844,,13/08/2023,8.119335,63804.29218,,13/05/2023,8.103297,60059.36009
13/12/2023,8.131092,98285.84962,,13/08/2023,8.136002,63346.90375,,13/05/2023,8.119965,59585.13924
13/12/2023,8.147758,98146.16738,,13/08/2023,8.152669,62887.36601,,13/05/2023,8.136631,59108.90163
13/12/2023,8.164425,98003.15673,,13/08/2023,8.169335,62425.69974,,13/05/2023,8.153298,58630.66337
13/12/2023,8.181092,97856.83223,,13/08/2023,8.186002,61961.92056,,13/05/2023,8.169965,58150.44065
13/12/2023,8.197759,97707.19558,,13/08/2023,8.202669,61496.04416,,13/05/2023,8.186631,57668.25525
13/12/2023,8.214425,97554.25186,,13/08/2023,8.219336,61028.08632,,13/05/2023,8.203299,57184.11246
13/12/2023,8.231101,97397.92312,,13/08/2023,8.236003,60558.06287,,13/05/2023,8.220414,56684.92415
13/12/2023,8.247768,97238.37915,,13/08/2023,8.252669,60085.98973,,13/05/2023,8.237081,56196.87539
13/12/2023,8.264435,97075.54398,,13/08/2023,8.269336,59611.88831,,13/05/2023,8.253747,55706.92454
13/12/2023,8.281101,96909.42694,,13/08/2023,8.286003,59135.75834,,13/05/2023,8.270414,55215.08819
13/12/2023,8.297769,96740.02607,,13/08/2023,8.30267,58657.63773,,13/05/2023,8.287081,54721.38299
13/12/2023,8.314435,96567.35086,,13/08/2023,8.319336,58177.52629,,13/05/2023,8.303748,54225.82565
13/12/2023,8.331101,96391.40716,,13/08/2023,8.336003,57695.4402,,13/05/2023,8.320415,53728.43293
13/12/2023,8.347769,96212.20091,,13/08/2023,8.352671,57211.40681,,13/05/2023,8.337081,53229.22454
13/12/2023,8.364435,96029.73819,,13/08/2023,8.369337,56725.43699,,13/05/2023,8.353747,52728.21453
13/12/2023,8.381103,95844.02088,,13/08/2023,8.386003,56237.5472,,13/05/2023,8.371319,52198.09224
13/12/2023,8.397769,95655.06377,,13/08/2023,8.402671,55747.75395,,13/05/2023,8.387985,51693.43162
13/12/2023,8.414435,95462.87347,,13/08/2023,8.419337,55256.07382,,13/05/2023,8.404653,51187.02426
13/12/2023,8.431103,95267.44771,,13/08/2023,8.436004,54762.5291,,13/05/2023,8.421319,50678.88439
13/12/2023,8.447769,95068.79744,,13/08/2023,8.452671,54267.11953,,13/05/2023,8.437985,50169.02923
13/12/2023,8.464436,94866.9294,,13/08/2023,8.469337,53769.87885,,13/05/2023,8.454652,49657.47602
13/12/2023,8.481103,94661.85042,,13/08/2023,8.486005,53270.82109,,13/05/2023,8.471319,49144.23915
13/12/2023,8.497769,94453.56744,,13/08/2023,8.502671,52769.96031,,13/05/2023,8.487986,48629.34185
13/12/2023,8.514437,94242.08751,,13/08/2023,8.519338,52267.31345,,13/05/2023,8.504929,48104.22521
13/12/2023,8.531103,94027.41778,,13/08/2023,8.536004,51762.89754,,13/05/2023,8.521595,47586.0267
13/12/2023,8.54777,93809.56552,,13/08/2023,8.552671,51256.72673,,13/05/2023,8.538262,47066.2146
13/12/2023,8.564437,93588.53812,,13/08/2023,8.569338,50748.82395,,13/05/2023,8.554929,46544.80945
13/12/2023,8.581103,93364.34304,,13/08/2023,8.586005,50239.20059,,13/05/2023,8.571596,46021.82891
13/12/2023,8.59777,93136.99311,,13/08/2023,8.602672,49727.87973,,13/05/2023,8.588263,45497.29368
13/12/2023,8.614437,92906.48563,,13/08/2023,8.619338,49214.87281,,13/05/2023,8.604929,44971.21854
13/12/2023,8.631104,92672.83356,,13/08/2023,8.636005,48700.20013,,13/05/2023,8.621596,44443.61826
13/12/2023,8.64777,92436.04481,,13/08/2023,8.652672,48183.88206,,13/05/2023,8.638263,43914.5137
13/12/2023,8.664437,92196.1274,,13/08/2023,8.669338,47665.9272,,13/05/2023,8.654929,43383.92277
13/12/2023,8.681104,91953.08944,,13/08/2023,8.686006,47146.36197,,13/05/2023,8.671597,42851.86344
13/12/2023,8.697771,91706.93917,,13/08/2023,8.702672,46625.20098,,13/05/2023,8.688263,42318.35677
13/12/2023,8.714437,91457.68491,,13/08/2023,8.719339,46102.46187,,13/05/2023,8.704929,41783.41777
13/12/2023,8.731105,91205.32929,,13/08/2023,8.736006,45578.16235,,13/05/2023,8.721597,41247.06456
13/12/2023,8.747771,90949.89828,,13/08/2023,8.752672,45052.32015,,13/05/2023,8.738263,40709.3122
13/12/2023,8.764438,90691.38012,,13/08/2023,8.76934,44524.95307,,13/05/2023,8.75493,40170.18504
13/12/2023,8.781105,90429.7983,,13/08/2023,8.786006,43996.07896,,13/05/2023,8.771597,39629.69827
13/12/2023,8.797771,90165.15274,,13/08/2023,8.802673,43465.71573,,13/05/2023,8.788263,39087.87018
13/12/2023,8.814443,89897.38761,,13/08/2023,8.81934,42933.88133,,13/05/2023,8.80493,38544.71288
13/12/2023,8.831109,89626.64986,,13/08/2023,8.836006,42400.5968,,13/05/2023,8.821597,38000.25407
13/12/2023,8.847775,89352.87545,,13/08/2023,8.852674,41865.8741,,13/05/2023,8.838264,37454.50907
13/12/2023,8.864443,89076.07674,,13/08/2023,8.86934,41329.73131,,13/05/2023,8.854931,36907.49636
13/12/2023,8.881113,88796.20514,,13/08/2023,8.886007,40792.1927,,13/05/2023,8.871597,36359.2313
13/12/2023,8.897779,88513.38865,,13/08/2023,8.902674,40253.27649,,13/05/2023,8.888265,35809.73874
13/12/2023,8.914446,88227.57305,,13/08/2023,8.91938,39711.69161,,13/05/2023,8.904931,35259.03413
13/12/2023,8.931113,87938.77123,,13/08/2023,8.936048,39170.0625,,13/05/2023,8.921597,34707.13611
13/12/2023,8.94778,87646.99296,,13/08/2023,8.952714,38627.11072,,13/05/2023,8.938265,34154.06654
13/12/2023,8.964446,87352.25151,,13/08/2023,8.969488,38079.35628,,13/05/2023,8.954931,33599.84097
13/12/2023,8.981113,87054.55011,,13/08/2023,8.986155,37533.79681,,13/05/2023,8.971598,33044.47817
13/12/2023,8.99778,86753.90219,,13/08/2023,9.002821,36986.97008,,13/05/2023,8.988265,32487.99375
13/12/2023,9.014447,86450.31793,,13/08/2023,9.019488,36438.88833,,13/05/2023,9.004931,31930.40971
13/12/2023,9.031114,86143.8076,,13/08/2023,9.036155,35889.57324,,13/05/2023,9.021598,31371.74813
13/12/2023,9.04778,85834.38514,,13/08/2023,9.052821,35339.04655,,13/05/2023,9.038265,30812.01511
13/12/2023,9.064447,85522.05035,,13/08/2023,9.069489,34787.31745,,13/05/2023,9.054932,30251.24881
13/12/2023,9.081114,85206.82446,,13/08/2023,9.086155,34234.41723,,13/05/2023,9.071599,29689.45218
13/12/2023,9.097781,84888.7146,,13/08/2023,9.102822,33680.35512,,13/05/2023,9.088265,29126.65065
13/12/2023,9.114448,84567.73152,,13/08/2023,9.119579,33122.12557,,13/05/2023,9.104933,28562.86972
13/12/2023,9.131114,84243.88982,,13/08/2023,9.136246,32565.79944,,13/05/2023,9.121836,27990.08486
13/12/2023,9.147781,83917.19305,,13/08/2023,9.152913,32008.36469,,13/05/2023,9.138503,27424.36811
13/12/2023,9.164448,83587.65594,,13/08/2023,9.16958,31449.84974,,13/05/2023,9.155169,26857.73123
13/12/2023,9.181115,83255.28584,,13/08/2023,9.186247,30890.27352,,13/05/2023,9.171837,26290.18205
13/12/2023,9.197782,82920.1016,,13/08/2023,9.202913,30329.65178,,13/05/2023,9.188503,25721.7463
13/12/2023,9.214448,82582.11079,,13/08/2023,9.21958,29768.00348,,13/05/2023,9.20517,25152.43996
13/12/2023,9.231115,82241.32483,,13/08/2023,9.236247,29205.34765,,13/05/2023,9.221837,24582.28229
13/12/2023,9.247782,81897.75527,,13/08/2023,9.252913,28641.70009,,13/05/2023,9.238503,24011.28934
13/12/2023,9.264448,81551.41771,,13/08/2023,9.26958,28077.0831,,13/05/2023,9.25517,23439.48204
13/12/2023,9.281116,81202.31594,,13/08/2023,9.286247,27511.5158,,13/05/2023,9.271837,22866.8863
13/12/2023,9.297782,80850.46978,,13/08/2023,9.302916,26944.95567,,13/05/2023,9.288504,22293.51332
13/12/2023,9.314448,80495.88308,,13/08/2023,9.319582,26377.54509,,13/05/2023,9.30517,21719.38577
13/12/2023,9.331116,80138.57185,,13/08/2023,9.336249,25809.24171,,13/05/2023,9.321837,21144.5231
13/12/2023,9.347782,79778.54819,,13/08/2023,9.352916,25240.06477,,13/05/2023,9.338504,20568.94145
13/12/2023,9.36445,79415.82428,,13/08/2023,9.369583,24670.03027,,13/05/2023,9.355171,19992.6669
13/12/2023,9.381129,79050.1186,,13/08/2023,9.38625,24099.16403,,13/05/2023,9.371838,19415.71897
13/12/2023,9.397796,78682.02897,,13/08/2023,9.402917,23527.47719,,13/05/2023,9.388504,18838.10892
13/12/2023,9.414463,78311.28047,,13/08/2023,9.419583,22954.99893,,13/05/2023,9.405171,18259.85961
13/12/2023,9.431129,77937.87716,,13/08/2023,9.43625,22381.74372,,13/05/2023,9.421838,17680.99556
13/12/2023,9.447796,77561.83589,,13/08/2023,9.452917,21807.72767,,13/05/2023,9.438505,17101.52975
13/12/2023,9.464463,77183.17376,,13/08/2023,9.469584,21232.98008,,13/05/2023,9.455172,16521.49175
13/12/2023,9.48113,76801.89052,,13/08/2023,9.486251,20657.51382,,13/05/2023,9.471839,15940.89455
13/12/2023,9.497796,76418.01655,,13/08/2023,9.502917,20081.34508,,13/05/2023,9.488505,15359.75116
13/12/2023,9.514463,76031.55169,,13/08/2023,9.519584,19504.49995,,13/05/2023,9.505172,14778.09454
13/12/2023,9.53113,75642.51787,,13/08/2023,9.536251,18926.99136,,13/05/2023,9.521839,14195.93273
13/12/2023,9.547796,75250.91935,,13/08/2023,9.561529,18049.878,,13/05/2023,9.538506,13613.29628
13/12/2023,9.564464,74856.77384,,13/08/2023,9.578196,17470.79453,,13/05/2023,9.555172,13030.19489
13/12/2023,9.58113,74460.0901,,13/08/2023,9.594863,16891.11973,,13/05/2023,9.571839,12446.65163
13/12/2023,9.597797,74060.89066,,13/08/2023,9.611529,16310.87654,,13/05/2023,9.588506,11862.69128
13/12/2023,9.614464,73659.1891,,13/08/2023,9.628196,15730.08129,,13/05/2023,9.605172,11278.32941
13/12/2023,9.63113,73254.98984,,13/08/2023,9.644863,15148.75363,,13/05/2023,9.62184,10693.58247
13/12/2023,9.647798,72848.31579,,13/08/2023,9.66153,14566.91324,,13/05/2023,9.638506,10108.47693
13/12/2023,9.664464,72439.17142,,13/08/2023,9.678196,13984.57981,,13/05/2023,9.655173,9523.025901
13/12/2023,9.68113,72027.57522,,13/08/2023,9.694863,13401.76972,,13/05/2023,9.67184,8937.251713
13/12/2023,9.697798,71613.54587,,13/08/2023,9.71153,12818.50936,,13/05/2023,9.688506,8351.175866
13/12/2023,9.714464,71197.0879,,13/08/2023,9.728196,12234.81096,,13/05/2023,9.705173,7764.817358
13/12/2023,9.731132,70778.22014,,13/08/2023,9.744864,11650.70263,,13/05/2023,9.72184,7178.196036
13/12/2023,9.747798,70356.95676,,13/08/2023,9.76153,11066.19997,,13/05/2023,9.738507,6591.334694
13/12/2023,9.764464,69933.31203,,13/08/2023,9.778196,10481.31606,,13/05/2023,9.755174,6004.246899
13/12/2023,9.781132,69507.30027,,13/08/2023,9.794864,9896.07655,,13/05/2023,9.77184,5416.956299
13/12/2023,9.797798,69078.93592,,13/08/2023,9.81153,9310.509625,,13/05/2023,9.788507,4829.481932
13/12/2023,9.814465,68648.23347,,13/08/2023,9.828197,8724.627573,,13/05/2023,9.805174,4241.844523
13/12/2023,9.831132,68215.20749,,13/08/2023,9.844864,8138.450224,,13/05/2023,9.82184,3654.066904
13/12/2023,9.847798,67779.87264,,13/08/2023,9.86153,7551.994061,,13/05/2023,9.838508,3066.158459
13/12/2023,9.864465,67342.24869,,13/08/2023,9.878197,6965.285644,,13/05/2023,9.855174,2478.149809
13/12/2023,9.881132,66902.33537,,13/08/2023,9.894864,6378.341478,,13/05/2023,9.871841,1890.057281
13/12/2023,9.897799,66460.16772,,13/08/2023,9.91153,5791.177648,,13/05/2023,9.888509,1301.865442
13/12/2023,9.914466,66015.74555,,13/08/2023,9.928198,5203.818225,,13/05/2023,9.905176,713.664874
13/12/2023,9.931132,65569.08897,,13/08/2023,9.944864,4616.278886,,13/05/2023,9.921843,125.440151
13/12/2023,9.947799,65120.21823,,13/08/2023,9.961532,4028.586662,,13/05/2023,9.93851,0
13/12/2023,9.964466,64669.13825,,13/08/2023,9.978198,3440.758294,,13/05/2023,9.955176,0
13/12/2023,9.981133,64215.87463,,13/08/2023,9.994864,2852.813467,,13/05/2023,9.971843,0
13/12/2023,9.997799,63760.43234,,13/08/2023,10.011532,2264.772081,,13/05/2023,9.98851,0
13/12/2023,10.014465,63302.83721,,13/08/2023,10.028198,1676.65404,,13/05/2023,10.005177,0
13/12/2023,10.031133,62843.09425,,13/08/2023,10.044866,1088.479249,,13/05/2023,10.021858,0
13/12/2023,10.047799,62381.22425,,13/08/2023,10.061532,500.271193,,13/05/2023,10.038525,0
13/12/2023,10.064466,61917.24286,,13/08/2023,10.078198,0,,13/05/2023,10.055192,0
13/12/2023,10.081133,61451.1711,,13/08/2023,10.094866,0,,13/05/2023,10.071858,0
13/12/2023,10.097799,60983.00873,,13/08/2023,10.111532,0,,13/05/2023,10.088526,0
13/12/2023,10.114467,60512.79302,,13/08/2023,10.128199,0,,13/05/2023,10.105192,0
13/12/2023,10.131133,60040.52377,,13/08/2023,10.144866,0,,13/05/2023,10.121859,0
13/12/2023,10.147799,59566.22235,,13/08/2023,10.161532,0,,13/05/2023,10.138526,0
13/12/2023,10.164467,59089.9048,,13/08/2023,10.178199,0,,13/05/2023,10.155192,0
13/12/2023,10.181133,58611.58724,,13/08/2023,10.194865,0,,13/05/2023,10.17186,0
13/12/2023,10.197801,58131.28587,,13/08/2023,10.211533,0,,13/05/2023,10.188526,0
13/12/2023,10.214475,57648.79573,,13/08/2023,10.228199,0,,13/05/2023,10.205193,0
13/12/2023,10.231142,57164.57468,,13/08/2023,10.244866,0,,13/05/2023,10.221859,0
13/12/2023,10.247808,56678.41879,,13/08/2023,10.261533,0,,13/05/2023,10.238526,0
13/12/2023,10.264475,56190.34451,,13/08/2023,10.278199,0,,13/05/2023,10.255193,0
13/12/2023,10.283068,55643.62975,,13/08/2023,10.294867,0,,13/05/2023,10.271859,0
13/12/2023,10.299735,55151.54592,,13/08/2023,10.311533,0,,13/05/2023,10.288527,0
13/12/2023,10.316401,54657.60101,,13/08/2023,10.3282,0,,13/05/2023,10.305193,0
13/12/2023,10.333068,54161.8118,,13/08/2023,10.344867,0,,13/05/2023,10.321859,0
13/12/2023,10.349735,53664.18371,,13/08/2023,10.361533,0,,13/05/2023,10.338527,0
13/12/2023,10.366402,53164.73641,,13/08/2023,10.378201,0,,13/05/2023,10.355193,0
13/12/2023,10.383069,52663.4925,,13/08/2023,10.394867,0,,13/05/2023,10.37186,0
13/12/2023,10.399735,52160.4661,,13/08/2023,10.411533,0,,13/05/2023,10.388527,0
13/12/2023,10.416402,51655.67134,,13/08/2023,10.428201,0,,13/05/2023,10.405193,0
13/12/2023,10.433069,51149.13399,,13/08/2023,10.444867,0,,13/05/2023,10.421861,0
13/12/2023,10.449736,50640.86542,,13/08/2023,10.461534,0,,13/05/2023,10.438527,0
13/12/2023,10.466402,50130.87992,,13/08/2023,10.478201,0,,13/05/2023,10.455194,0
13/12/2023,10.483069,49619.20059,,13/08/2023,10.494867,0,,13/05/2023,10.471861,0
13/12/2023,10.499736,49105.84182,,13/08/2023,10.511534,0,,13/05/2023,10.488527,0
13/12/2023,10.516402,48590.81804,,13/08/2023,10.528201,0,,13/05/2023,10.505195,0
13/12/2023,10.53307,48074.15258,,13/08/2023,10.544868,0,,13/05/2023,10.521861,0
13/12/2023,10.549736,47555.85701,,13/08/2023,10.561535,0,,13/05/2023,10.538527,0
13/12/2023,10.566402,47035.95481,,13/08/2023,10.578201,0,,13/05/2023,10.555195,0
13/12/2023,10.58307,46514.46061,,13/08/2023,10.594868,0,,13/05/2023,10.571861,0
13/12/2023,10.599736,45991.39206,,13/08/2023,10.611535,0,,13/05/2023,10.588528,0
13/12/2023,10.616403,45466.76085,,13/08/2023,10.628201,0,,13/05/2023,10.605195,0
13/12/2023,10.63307,44940.59676,,13/08/2023,10.644869,0,,13/05/2023,10.621861,0
13/12/2023,10.649736,44412.91158,,13/08/2023,10.661535,0,,13/05/2023,10.638528,0
13/12/2023,10.666403,43883.72319,,13/08/2023,10.678202,0,,13/05/2023,10.655195,0
13/12/2023,10.68307,43353.04341,,13/08/2023,10.694869,0,,13/05/2023,10.671862,0
13/12/2023,10.699737,42820.89625,,13/08/2023,10.711535,0,,13/05/2023,10.688528,0
13/12/2023,10.716404,42287.29972,,13/08/2023,10.728202,0,,13/05/2023,10.705195,0
13/12/2023,10.73307,41752.27495,,13/08/2023,10.744869,0,,13/05/2023,10.721862,0
13/12/2023,10.749738,41215.84008,,13/08/2023,10.761536,0,,13/05/2023,10.738528,0
13/12/2023,10.766404,40678.0102,,13/08/2023,10.778203,0,,13/05/2023,10.755196,0
13/12/2023,10.783071,40138.80351,,13/08/2023,10.794869,0,,13/05/2023,10.771862,0
13/12/2023,10.799756,39597.63745,,13/08/2023,10.811536,0,,13/05/2023,10.788529,0
13/12/2023,10.816422,39055.73047,,13/08/2023,10.828203,0,,13/05/2023,10.805196,0
13/12/2023,10.83309,38512.49537,,13/08/2023,10.84487,0,,13/05/2023,10.821862,0
13/12/2023,10.849756,37967.95985,,13/08/2023,10.861536,0,,13/05/2023,10.83853,0
13/12/2023,10.866424,37422.13924,,13/08/2023,10.878256,0,,13/05/2023,10.855196,0
13/12/2023,10.88309,36875.05201,,13/08/2023,10.894922,0,,13/05/2023,10.871862,0
13/12/2023,10.899756,36326.71667,,13/08/2023,10.91159,0,,13/05/2023,10.88853,0
13/12/2023,10.916424,35777.15494,,13/08/2023,10.928256,0,,13/05/2023,10.905196,0
13/12/2023,10.93309,35226.37913,,13/08/2023,10.944922,0,,13/05/2023,10.921864,0
13/12/2023,10.953102,34563.4926,,13/08/2023,10.96159,0,,13/05/2023,10.93853,0
13/12/2023,10.969769,34010.11441,,13/08/2023,10.978256,0,,13/05/2023,10.955234,0
13/12/2023,10.986436,33455.58826,,13/08/2023,10.994923,0,,13/05/2023,10.9719,0
13/12/2023,11.003102,32899.93292,,13/08/2023,11.01159,0,,13/05/2023,10.988567,0
13/12/2023,11.019769,32343.16085,,13/08/2023,11.028256,0,,13/05/2023,11.005234,0
13/12/2023,11.036436,31785.29407,,13/08/2023,11.044924,0,,13/05/2023,11.021901,0
13/12/2023,11.053102,31226.35465,,13/08/2023,11.06159,0,,13/05/2023,11.038568,0
13/12/2023,11.069769,30666.35834,,13/08/2023,11.078257,0,,13/05/2023,11.055235,0
13/12/2023,11.086436,30105.32408,,13/08/2023,11.094924,0,,13/05/2023,11.071901,0
13/12/2023,11.103103,29543.26443,,13/08/2023,11.11159,0,,13/05/2023,11.088568,0
13/12/2023,11.11977,28980.20804,,13/08/2023,11.128257,0,,13/05/2023,11.105235,0
13/12/2023,11.136436,28416.17077,,13/08/2023,11.144924,0,,13/05/2023,11.121902,0
13/12/2023,11.153103,27851.1717,,13/08/2023,11.161591,0,,13/05/2023,11.138568,0
13/12/2023,11.16977,27285.2332,,13/08/2023,11.178258,0,,13/05/2023,11.155235,0
13/12/2023,11.186437,26718.36794,,13/08/2023,11.194924,0,,13/05/2023,11.171902,0
13/12/2023,11.203104,26150.5951,,13/08/2023,11.211591,0,,13/05/2023,11.188569,0
13/12/2023,11.21977,25581.94366,,13/08/2023,11.228258,0,,13/05/2023,11.205235,0
13/12/2023,11.236437,25012.42635,,13/08/2023,11.244925,0,,13/05/2023,11.221903,0
13/12/2023,11.253104,24442.0592,,13/08/2023,11.261591,0,,13/05/2023,11.238569,0
13/12/2023,11.269771,23870.86639,,13/08/2023,11.278258,0,,13/05/2023,11.255236,0
13/12/2023,11.286437,23298.86728,,13/08/2023,11.294925,0,,13/05/2023,11.271903,0
13/12/2023,11.303104,22726.07302,,13/08/2023,11.311592,0,,13/05/2023,11.288569,0
13/12/2023,11.319771,22152.50955,,13/08/2023,11.328259,0,,13/05/2023,11.305236,0
13/12/2023,11.336438,21578.19957,,13/08/2023,11.344925,0,,13/05/2023,11.321903,0
13/12/2023,11.353105,21003.15924,,13/08/2023,11.361592,0,,13/05/2023,11.33857,0
13/12/2023,11.369771,20427.41131,,13/08/2023,11.378259,0,,13/05/2023,11.355289,0
13/12/2023,11.386438,19850.97199,,13/08/2023,11.394926,0,,13/05/2023,11.371956,0
13/12/2023,11.403105,19273.85748,,13/08/2023,11.411592,0,,13/05/2023,11.388622,0
13/12/2023,11.419772,18696.08895,,13/08/2023,11.428259,0,,13/05/2023,11.40529,0
13/12/2023,11.436439,18117.68928,,13/08/2023,11.444926,0,,13/05/2023,11.421956,0
13/12/2023,11.453105,17538.67638,,13/08/2023,11.461593,0,,13/05/2023,11.438623,0
13/12/2023,11.469799,16958.14076,,13/08/2023,11.478259,0,,13/05/2023,11.45529,0
13/12/2023,11.486465,16377.96264,,13/08/2023,11.494926,0,,13/05/2023,11.471956,0
13/12/2023,11.503132,15797.22686,,13/08/2023,11.511593,0,,13/05/2023,11.471956,0
13/12/2023,11.519799,15215.95972,,13/08/2023,11.528259,0,,,,
13/12/2023,11.536466,14634.17425,,13/08/2023,11.544927,0,,,,
13/12/2023,11.553133,14051.89262,,13/08/2023,11.561593,0,,,,
13/12/2023,11.569799,13469.13621,,13/08/2023,11.578259,0,,,,
13/12/2023,11.586466,12885.92726,,13/08/2023,11.594927,0,,,,
13/12/2023,11.607432,12151.66545,,13/08/2023,11.611593,0,,,,
13/12/2023,11.624099,11567.49558,,13/08/2023,11.62826,0,,,,
13/12/2023,11.640765,10982.93503,,13/08/2023,11.644927,0,,,,
13/12/2023,11.657433,10398.00609,,13/08/2023,11.661593,0,,,,
13/12/2023,11.674099,9812.721865,,13/08/2023,11.67826,0,,,,
13/12/2023,11.690765,9227.10551,,13/08/2023,11.694927,0,,,,
13/12/2023,11.707433,8641.176008,,13/08/2023,11.711594,0,,,,
13/12/2023,11.724099,8054.958223,,13/08/2023,11.72826,0,,,,
13/12/2023,11.740767,7468.46445,,13/08/2023,11.744927,0,,,,
13/12/2023,11.757433,6881.717893,,13/08/2023,11.761594,0,,,,
13/12/2023,11.774099,6294.741352,,13/08/2023,11.778261,0,,,,
13/12/2023,11.790767,5707.548815,,13/08/2023,11.794928,0,,,,
13/12/2023,11.807433,5120.162676,,13/08/2023,11.811594,0,,,,
13/12/2023,11.8241,4532.607018,,13/08/2023,11.828261,0,,,,
13/12/2023,11.840767,3944.897948,,13/08/2023,11.844928,0,,,,
13/12/2023,11.857433,3357.051994,,13/08/2023,11.861595,0,,,,
13/12/2023,11.8741,2769.092203,,13/08/2023,11.878262,0,,,,
13/12/2023,11.890767,2181.042053,,13/08/2023,11.894928,0,,,,
13/12/2023,11.907434,1592.914716,,13/08/2023,11.911595,0,,,,
13/12/2023,11.924101,1004.737041,,13/08/2023,11.928262,0,,,,
13/12/2023,11.940767,416.525359,,13/08/2023,11.944928,0,,,,
13/12/2023,11.957434,0,,13/08/2023,11.961596,0,,,,
13/12/2023,11.974101,0,,13/08/2023,11.978262,0,,,,
13/12/2023,11.990767,0,,13/08/2023,11.994928,0,,,,
13/12/2023,12.007434,0,,13/08/2023,12.011596,0,,,,
13/12/2023,12.024101,0,,13/08/2023,12.028262,0,,,,
13/12/2023,12.040768,0,,13/08/2023,12.044929,0,,,,
13/12/2023,12.057435,0,,13/08/2023,12.061596,0,,,,
13/12/2023,12.074101,0,,13/08/2023,12.078262,0,,,,
13/12/2023,12.090768,0,,13/08/2023,12.094929,0,,,,
13/12/2023,12.107435,0,,13/08/2023,12.111596,0,,,,
13/12/2023,12.126088,0,,13/08/2023,12.128263,0,,,,
13/12/2023,12.142756,0,,13/08/2023,12.144929,0,,,,
13/12/2023,12.159422,0,,13/08/2023,12.161596,0,,,,
13/12/2023,12.176088,0,,13/08/2023,12.178263,0,,,,
13/12/2023,12.192756,0,,13/08/2023,12.19493,0,,,,
13/12/2023,12.209422,0,,13/08/2023,12.211596,0,,,,
13/12/2023,12.226089,0,,13/08/2023,12.228263,0,,,,
13/12/2023,12.242756,0,,13/08/2023,12.24493,0,,,,
13/12/2023,12.263675,0,,13/08/2023,12.261597,0,,,,
13/12/2023,12.280342,0,,13/08/2023,12.278264,0,,,,
13/12/2023,12.297009,0,,13/08/2023,12.278264,0,,,,
13/12/2023,12.313676,0,,,,,,,,
13/12/2023,12.330342,0,,,,,,,,
13/12/2023,12.347009,0,,,,,,,,
13/12/2023,12.363676,0,,,,,,,,
13/12/2023,12.380342,0,,,,,,,,
13/12/2023,12.397009,0,,,,,,,,
13/12/2023,12.413676,0,,,,,,,,
13/12/2023,12.430343,0,,,,,,,,
13/12/2023,12.44701,0,,,,,,,,
13/12/2023,12.463676,0,,,,,,,,
13/12/2023,12.480343,0,,,,,,,,
13/12/2023,12.49701,0,,,,,,,,
13/12/2023,12.513677,0,,,,,,,,
13/12/2023,12.530343,0,,,,,,,,
13/12/2023,12.54701,0,,,,,,,,
13/12/2023,12.563677,0,,,,,,,,
13/12/2023,12.580343,0,,,,,,,,
13/12/2023,12.597011,0,,,,,,,,
13/12/2023,12.613677,0,,,,,,,,
13/12/2023,12.630343,0,,,,,,,,
13/12/2023,12.647011,0,,,,,,,,
13/12/2023,12.663677,0,,,,,,,,
13/12/2023,12.680345,0,,,,,,,,
13/12/2023,12.697011,0,,,,,,,,
13/12/2023,12.713677,0,,,,,,,,
13/12/2023,12.730345,0,,,,,,,,
13/12/2023,12.747011,0,,,,,,,,
13/12/2023,12.763678,0,,,,,,,,
13/12/2023,12.780345,0,,,,,,,,
13/12/2023,12.797011,0,,,,,,,,
13/12/2023,12.813679,0,,,,,,,,
13/12/2023,12.830345,0,,,,,,,,
13/12/2023,12.847013,0,,,,,,,,
13/12/2023,12.863679,0,,,,,,,,
13/12/2023,12.880345,0,,,,,,,,
13/12/2023,12.897013,0,,,,,,,,
13/12/2023,12.913679,0,,,,,,,,
13/12/2023,12.930346,0,,,,,,,,
13/12/2023,12.947013,0,,,,,,,,
13/12/2023,12.963679,0,,,,,,,,
13/12/2023,12.980347,0,,,,,,,,
13/12/2023,12.997013,0,,,,,,,,
13/12/2023,13.01368,0,,,,,,,,
13/12/2023,13.030347,0,,,,,,,,
13/12/2023,13.047013,0,,,,,,,,
13/12/2023,13.06368,0,,,,,,,,
13/12/2023,13.080347,0,,,,,,,,
13/12/2023,13.097013,0,,,,,,,,
13/12/2023,13.11368,0,,,,,,,,
13/12/2023,13.130347,0,,,,,,,,
13/12/2023,13.147014,0,,,,,,,,
13/12/2023,13.163681,0,,,,,,,,
13/12/2023,13.180347,0,,,,,,,,
13/12/2023,13.197014,0,,,,,,,,
13/12/2023,13.213681,0,,,,,,,,
13/12/2023,13.230348,0,,,,,,,,
13/12/2023,13.247014,0,,,,,,,,
13/12/2023,13.263681,0,,,,,,,,
13/12/2023,13.280348,0,,,,,,,,
13/12/2023,13.297014,0,,,,,,,,
13/12/2023,13.313682,0,,,,,,,,
13/12/2023,13.330348,0,,,,,,,,
13/12/2023,13.347014,0,,,,,,,,
13/12/2023,13.363682,0,,,,,,,,
13/12/2023,13.380348,0,,,,,,,,
13/12/2023,13.397015,0,,,,,,,,
13/12/2023,13.413682,0,,,,,,,,
13/12/2023,13.430348,0,,,,,,,,
13/12/2023,13.447015,0,,,,,,,,
13/12/2023,13.463682,0,,,,,,,,
13/12/2023,13.480349,0,,,,,,,,
13/12/2023,13.497016,0,,,,,,,,
13/12/2023,13.513682,0,,,,,,,,
13/12/2023,13.530349,0,,,,,,,,
13/12/2023,13.547016,0,,,,,,,,
13/12/2023,13.563683,0,,,,,,,,
13/12/2023,13.580349,0,,,,,,,,
13/12/2023,13.597016,0,,,,,,,,
13/12/2023,13.597016,0,,,,,,,,
