2023/8/13,0.0,0.0,
2023/8/13,0.016667,0.0,
2023/8/13,0.219071,0.0,
2023/8/13,0.244386,0.0,
2023/8/13,0.294067,0.0,
2023/8/13,0.310734,0.0,
2023/8/13,0.327401,0.0,
2023/8/13,0.344068,0.0,
2023/8/13,0.360734,0.0,
2023/8/13,0.37751,0.0,
2023/8/13,0.394176,0.0,
2023/8/13,0.410843,0.0,
2023/8/13,0.42751,0.0,
2023/8/13,0.444177,0.0,
2023/8/13,0.460844,0.0,
2023/8/13,0.477658,0.0,
2023/8/13,0.494325,0.0,
2023/8/13,0.510992,0.0,
2023/8/13,0.527658,0.0,
2023/8/13,0.544325,0.0,
2023/8/13,0.560992,0.0,
2023/8/13,0.577658,0.0,
2023/8/13,0.59435,0.0,
2023/8/13,0.611019,0.0,
2023/8/13,0.627686,0.0,
2023/8/13,0.644386,0.0,
2023/8/13,0.661052,0.0,
2023/8/13,0.677806,0.0,
2023/8/13,0.694473,449.209516,
2023/8/13,0.71114,1037.419937,
2023/8/13,0.727806,1625.595139,
2023/8/13,0.744473,2213.71532,
2023/8/13,0.7612,2803.898544,
2023/8/13,0.777867,3391.848799,
2023/8/13,0.794534,3979.687615,
2023/8/13,0.811201,4567.388159,
2023/8/13,0.827867,5154.934112,
2023/8/13,0.844534,5742.308951,
2023/8/13,0.861201,6329.493209,
2023/8/13,0.877868,6916.463232,
2023/8/13,0.894535,7503.199571,
2023/8/13,0.911202,8089.681109,
2023/8/13,0.927868,8675.88548,
2023/8/13,0.944535,9261.792848,
2023/8/13,0.961202,9847.390926,
2023/8/13,0.977869,10432.65821,
2023/8/13,0.994536,11017.569033,
2023/8/13,1.011203,11602.111126,
2023/8/13,1.027869,12186.256342,
2023/8/13,1.044536,12769.993266,
2023/8/13,1.061203,13353.293789,
2023/8/13,1.07787,13936.142347,
2023/8/13,1.094537,14518.519211,
2023/8/13,1.111204,15100.412989,
2023/8/13,1.12787,15681.78734,
2023/8/13,1.144537,16262.630912,
2023/8/13,1.161204,16842.924046,
2023/8/13,1.179169,17467.777666,
2023/8/13,1.195836,18046.869232,
2023/8/13,1.213003,18642.706433,
2023/8/13,1.22967,19220.532556,
2023/8/13,1.246337,19797.704825,
2023/8/13,1.263004,20374.21031,
2023/8/13,1.27967,20950.029485,
2023/8/13,1.296337,21525.137917,
2023/8/13,1.313004,22099.516145,
2023/8/13,1.329671,22673.143095,
2023/8/13,1.346338,23246.005916,
2023/8/13,1.363004,23818.081934,
2023/8/13,1.379671,24389.34852,
2023/8/13,1.396338,24959.792876,
2023/8/13,1.413005,25529.395679,
2023/8/13,1.429672,26098.13601,
2023/8/13,1.446339,26665.988117,
2023/8/13,1.463005,27232.940908,
2023/8/13,1.479672,27798.968703,
2023/8/13,1.496339,28364.057208,
2023/8/13,1.513006,28928.180837,
2023/8/13,1.529673,29491.33179,
2023/8/13,1.546339,30053.481331,
2023/8/13,1.563006,30614.613657,
2023/8/13,1.579673,31174.706575,
2023/8/13,1.59634,31733.757124,
2023/8/13,1.613007,32291.720791,
2023/8/13,1.629818,32853.407747,
2023/8/13,1.646484,33409.15694,
2023/8/13,1.663151,33963.778525,
2023/8/13,1.679818,34517.24738,
2023/8/13,1.696486,35069.585833,
2023/8/13,1.713153,35620.724543,
2023/8/13,1.729821,36170.670081,
2023/8/13,1.746488,36719.362979,
2023/8/13,1.763155,37266.822403,
2023/8/13,1.779822,37813.001662,
2023/8/13,1.796489,38357.9042,
2023/8/13,1.813156,38901.50534,
2023/8/13,1.829823,39443.826993,
2023/8/13,1.84649,39984.779425,
2023/8/13,1.863157,40524.375416,
2023/8/13,1.879825,41062.630559,
2023/8/13,1.896492,41599.495722,
2023/8/13,1.913159,42134.94049,
2023/8/13,1.929826,42668.946838,
2023/8/13,1.946493,43201.50592,
2023/8/13,1.96316,43732.608838,
2023/8/13,1.979827,44262.222434,
2023/8/13,1.996493,44790.337913,
2023/8/13,2.01316,45316.9374,
2023/8/13,2.029827,45842.003071,
2023/8/13,2.046494,46365.517154,
2023/8/13,2.06316,46887.464913,
2023/8/13,2.079827,47407.825682,
2023/8/13,2.096494,47926.58481,
2023/8/13,2.113161,48443.71585,
2023/8/13,2.129827,48959.210189,
2023/8/13,2.146494,49473.047416,
2023/8/13,2.163161,49985.210137,
2023/8/13,2.179828,50495.68102,
2023/8/13,2.196495,51004.442785,
2023/8/13,2.213161,51511.478213,
2023/8/13,2.229828,52016.767256,
2023/8/13,2.246495,52520.31585,
2023/8/13,2.263687,53037.828273,
2023/8/13,2.280354,53537.727679,
2023/8/13,2.29702,54035.815026,
2023/8/13,2.313687,54532.076288,
2023/8/13,2.330354,55026.491814,
2023/8/13,2.34702,55519.044869,
2023/8/13,2.363687,56009.718782,
2023/8/13,2.380354,56498.491363,
2023/8/13,2.397021,56985.362815,
2023/8/13,2.413688,57470.299913,
2023/8/13,2.430355,57953.297341,
2023/8/13,2.447021,58434.33319,
2023/8/13,2.463688,58913.385709,
2023/8/13,2.480355,59390.444197,
2023/8/13,2.497022,59865.492509,
2023/8/13,2.513689,60338.514565,
2023/8/13,2.530356,60809.494356,
2023/8/13,2.547035,61278.753273,
2023/8/13,2.563701,61745.599277,
2023/8/13,2.580368,62210.355391,
2023/8/13,2.597035,62673.0006,
2023/8/13,2.613701,63133.529836,
2023/8/13,2.630368,63591.922203,
2023/8/13,2.647038,64048.229903,
2023/8/13,2.663704,64502.306922,
2023/8/13,2.680371,64954.195536,
2023/8/13,2.697038,65403.885658,
2023/8/13,2.713705,65851.362067,
2023/8/13,2.730371,66296.604536,
2023/8/13,2.747038,66739.608186,
2023/8/13,2.763705,67180.352913,
2023/8/13,2.780372,67618.818795,
2023/8/13,2.797039,68055.001027,
2023/8/13,2.813705,68488.879816,
2023/8/13,2.830372,68920.435549,
2023/8/13,2.847039,69349.663499,
2023/8/13,2.863705,69776.544184,
2023/8/13,2.880372,70201.058311,
2023/8/13,2.897039,70623.201229,
2023/8/13,2.913706,71042.953778,
2023/8/13,2.930372,71460.30175,
2023/8/13,2.947039,71875.231019,
2023/8/13,2.963706,72287.722835,
2023/8/13,2.980373,72697.772678,
2023/8/13,2.997039,73105.361933,
2023/8/13,3.013706,73510.472184,
2023/8/13,3.030373,73913.098991,
2023/8/13,3.04704,74313.224075,
2023/8/13,3.063706,74710.833895,
2023/8/13,3.080373,75105.910486,
2023/8/13,3.09704,75498.449517,
2023/8/13,3.113707,75888.437616,
2023/8/13,3.130373,76275.852656,
2023/8/13,3.14704,76660.686003,
2023/8/13,3.164277,77055.940408,
2023/8/13,3.180943,77435.482044,
2023/8/13,3.19761,77812.402736,
2023/8/13,3.21428,78186.745214,
2023/8/13,3.230946,78558.385441,
2023/8/13,3.247613,78927.366718,
2023/8/13,3.26428,79293.676556,
2023/8/13,3.280947,79657.302557,
2023/8/13,3.297613,80018.232413,
2023/8/13,3.31428,80376.453908,
2023/8/13,3.330947,80731.950864,
2023/8/13,3.347614,81084.719386,
2023/8/13,3.364281,81434.747439,
2023/8/13,3.380948,81782.015166,
2023/8/13,3.397614,82126.514833,
2023/8/13,3.414281,82468.23478,
2023/8/13,3.430948,82807.159578,
2023/8/13,3.447614,83143.285514,
2023/8/13,3.464281,83476.597315,
2023/8/13,3.480948,83807.079935,
2023/8/13,3.497615,84134.729751,
2023/8/13,3.514282,84459.531876,
2023/8/13,3.530948,84781.475316,
2023/8/13,3.547615,85100.549175,
2023/8/13,3.564282,85416.742652,
2023/8/13,3.580949,85730.048614,
2023/8/13,3.598602,86058.733754,
2023/8/13,3.615269,86366.049504,
2023/8/13,3.631936,86670.442039,
2023/8/13,3.648602,86971.897625,
2023/8/13,3.665269,87270.416355,
2023/8/13,3.681936,87565.974463,
2023/8/13,3.698603,87858.572142,
2023/8/13,3.71527,88148.196089,
2023/8/13,3.731936,88434.836502,
2023/8/13,3.748603,88718.480449,
2023/8/13,3.76527,88999.128018,
2023/8/13,3.781937,89276.760022,
2023/8/13,3.798604,89551.370293,
2023/8/13,3.81527,89822.949537,
2023/8/13,3.831937,90091.485505,
2023/8/13,3.848604,90356.975256,
2023/8/13,3.865271,90619.406712,
2023/8/13,3.881938,90878.77099,
2023/8/13,3.898604,91135.059314,
2023/8/13,3.915271,91388.263007,
2023/8/13,3.931938,91638.373499,
2023/8/13,3.948605,91885.382326,
2023/8/13,3.965271,92129.286674,
2023/8/13,3.981985,92370.729613,
2023/8/13,3.998652,92608.37496,
2023/8/13,4.015318,92842.885809,
2023/8/13,4.031985,93074.254224,
2023/8/13,4.048652,93302.472373,
2023/8/13,4.065319,93527.532532,
2023/8/13,4.081985,93749.427083,
2023/8/13,4.098652,93968.148516,
2023/8/13,4.115319,94183.689428,
2023/8/13,4.131986,94396.042523,
2023/8/13,4.148653,94605.200614,
2023/8/13,4.165319,94811.156622,
2023/8/13,4.181986,95013.903575,
2023/8/13,4.198653,95213.434612,
2023/8/13,4.21532,95409.742978,
2023/8/13,4.231987,95602.82203,
2023/8/13,4.248653,95792.665232,
2023/8/13,4.26532,95979.266159,
2023/8/13,4.281987,96162.618495,
2023/8/13,4.298654,96342.716033,
2023/8/13,4.31532,96519.552679,
2023/8/13,4.331987,96693.122447,
2023/8/13,4.348655,96863.427183,
2023/8/13,4.365322,97030.449316,
2023/8/13,4.381989,97194.183419,
2023/8/13,4.398656,97354.627809,
2023/8/13,4.415322,97511.777057,
2023/8/13,4.431989,97665.625843,
2023/8/13,4.448656,97816.16896,
2023/8/13,4.465323,97963.401312,
2023/8/13,4.48199,98107.317917,
2023/8/13,4.498656,98247.913903,
2023/8/13,4.515323,98385.184511,
2023/8/13,4.53199,98519.125096,
2023/8/13,4.548657,98649.731123,
2023/8/13,4.565324,98776.998173,
2023/8/13,4.581991,98900.921937,
2023/8/13,4.598657,99021.498222,
2023/8/13,4.615324,99138.722945,
2023/8/13,4.631991,99252.59214,
2023/8/13,4.648658,99363.101952,
2023/8/13,4.665324,99470.248641,
2023/8/13,4.681991,99574.02858,
2023/8/13,4.698658,99674.438257,
2023/8/13,4.715325,99771.474273,
2023/8/13,4.731992,99865.133344,
2023/8/13,4.748658,99955.412299,
2023/8/13,4.765325,100042.308084,
2023/8/13,4.781992,100125.817756,
2023/8/13,4.798658,100205.93849,
2023/8/13,4.815325,100282.667573,
2023/8/13,4.831992,100356.002409,
2023/8/13,4.848659,100425.938954,
2023/8/13,4.865326,100492.479525,
2023/8/13,4.881993,100555.617185,
2023/8/13,4.89866,100615.35136,
2023/8/13,4.915326,100671.680027,
2023/8/13,4.931993,100724.601279,
2023/8/13,4.94866,100774.113326,
2023/8/13,4.965326,100820.213476,
2023/8/13,4.981993,100862.902277,
2023/8/13,4.99866,100902.177193,
2023/8/13,5.015327,100938.036892,
2023/8/13,5.031994,100970.480162,
2023/8/13,5.04866,100999.505904,
2023/8/13,5.065327,101025.113136,
2023/8/13,5.081994,101047.300991,
2023/8/13,5.09866,101066.068718,
2023/8/13,5.115327,101081.415682,
2023/8/13,5.131994,101093.341364,
2023/8/13,5.148661,101101.845359,
2023/8/13,5.165328,101106.92738,
2023/8/13,5.181994,101108.587638,
2023/8/13,5.198661,101106.876537,
2023/8/13,5.215328,101101.743292,
2023/8/13,5.231995,101093.188311,
2023/8/13,5.248662,101081.211492,
2023/8/13,5.265328,101065.813398,
2023/8/13,5.281995,101046.994549,
2023/8/13,5.298662,101024.755583,
2023/8/13,5.315329,100999.096625,
2023/8/13,5.331995,100970.019719,
2023/8/13,5.348662,100937.525301,
2023/8/13,5.365329,100901.614471,
2023/8/13,5.381996,100862.288444,
2023/8/13,5.398663,100819.548551,
2023/8/13,5.415329,100773.396239,
2023/8/13,5.431996,100723.83307,
2023/8/13,5.448663,100670.860721,
2023/8/13,5.46533,100614.480986,
2023/8/13,5.481997,100554.695772,
2023/8/13,5.498664,100491.507104,
2023/8/13,5.51533,100424.91712,
2023/8/13,5.531997,100354.928073,
2023/8/13,5.548664,100281.542333,
2023/8/13,5.565331,100204.762384,
2023/8/13,5.581998,100124.590824,
2023/8/13,5.598665,100041.028416,
2023/8/13,5.615332,99954.081812,
2023/8/13,5.631999,99863.752083,
2023/8/13,5.648665,99770.040102,
2023/8/13,5.665332,99672.95333,
2023/8/13,5.681999,99572.492948,
2023/8/13,5.698666,99468.66477,
2023/8/13,5.715333,99361.467558,
2023/8/13,5.731999,99250.907278,
2023/8/13,5.748666,99136.987673,
2023/8/13,5.765333,99019.712598,
2023/8/13,5.781999,98899.088822,
2023/8/13,5.798666,98775.114905,
2023/8/13,5.815351,98647.659008,
2023/8/13,5.832017,98516.999368,
2023/8/13,5.848684,98383.005242,
2023/8/13,5.865355,98245.652536,
2023/8/13,5.882021,98105.002474,
2023/8/13,5.898688,97961.031872,
2023/8/13,5.915355,97813.745602,
2023/8/13,5.932022,97663.145165,
2023/8/13,5.948689,97509.242551,
2023/8/13,5.965355,97352.039562,
2023/8/13,5.982022,97191.545229,
2023/8/13,5.998689,97027.757637,
2023/8/13,6.015356,96860.685966,
2023/8/13,6.032022,96690.335871,
2023/8/13,6.048689,96516.713117,
2023/8/13,6.065356,96339.823581,
2023/8/13,6.082023,96159.673251,
2023/8/13,6.09869,95976.268223,
2023/8/13,6.115356,95789.614705,
2023/8/13,6.132023,95599.719015,
2023/8/13,6.14869,95406.587581,
2023/8/13,6.165357,95210.226939,
2023/8/13,6.182024,95010.63913,
2023/8/13,6.19869,94807.840047,
2023/8/13,6.215357,94601.832021,
2023/8/13,6.232024,94392.622026,
2023/8/13,6.248691,94180.217143,
2023/8/13,6.265358,93964.62456,
2023/8/13,6.282025,93745.851576,
2023/8/13,6.298691,93523.905594,
2023/8/13,6.315358,93298.794128,
2023/8/13,6.332025,93070.530056,
2023/8/13,6.348691,92839.110656,
2023/8/13,6.365358,92604.54895,
2023/8/13,6.382025,92366.852875,
2023/8/13,6.398692,92126.030478,
2023/8/13,6.415359,91882.084291,
2023/8/13,6.432026,91635.033737,
2023/8/13,6.448692,91384.88163,
2023/8/13,6.465359,91131.642268,
2023/8/13,6.482026,90875.312632,
2023/8/13,6.498693,90615.907156,
2023/8/13,6.515359,90353.434622,
2023/8/13,6.532026,90087.903914,
2023/8/13,6.548693,89819.324018,
2023/8/13,6.56536,89547.704025,
2023/8/13,6.582026,89273.053129,
2023/8/13,6.598693,88995.380625,
2023/8/13,6.61536,88714.695913,
2023/8/13,6.632027,88431.008492,
2023/8/13,6.648694,88144.327965,
2023/8/13,6.66536,87854.664033,
2023/8/13,6.682027,87562.026503,
2023/8/13,6.698694,87266.428677,
2023/8/13,6.715361,86967.870363,
2023/8/13,6.732028,86666.371865,
2023/8/13,6.748694,86361.939987,
2023/8/13,6.765361,86054.585033,
2023/8/13,6.782028,85744.317408,
2023/8/13,6.798695,85431.147611,
2023/8/13,6.815361,85115.086243,
2023/8/13,6.832028,84796.147669,
2023/8/13,6.848695,84474.335382,
2023/8/13,6.865362,84149.66391,
2023/8/13,6.882029,83822.148004,
2023/8/13,6.898695,83491.791256,
2023/8/13,6.915362,83158.608577,
2023/8/13,6.932029,82822.611246,
2023/8/13,6.948696,82483.814527,
2023/8/13,6.965362,82142.222134,
2023/8/13,6.982029,81797.84949,
2023/8/13,6.998696,81450.70825,
2023/8/13,7.015363,81100.810164,
2023/8/13,7.03203,80748.167075,
2023/8/13,7.048697,80392.790919,
2023/8/13,7.065363,80034.697838,
2023/8/13,7.08203,79673.891755,
2023/8/13,7.098697,79310.384791,
2023/8/13,7.115364,78944.197569,
2023/8/13,7.13203,78575.338338,
2023/8/13,7.148697,78203.819584,
2023/8/13,7.165364,77829.65388,
2023/8/13,7.182031,77452.858219,
2023/8/13,7.198697,77073.436729,
2023/8/13,7.215364,76691.406549,
2023/8/13,7.232031,76306.780611,
2023/8/13,7.248698,75919.567487,
2023/8/13,7.265365,75529.789145,
2023/8/13,7.282032,75137.454361,
2023/8/13,7.298698,74742.576414,
2023/8/13,7.315365,74345.16867,
2023/8/13,7.332032,73945.24458,
2023/8/13,7.348699,73542.817681,
2023/8/13,7.365366,73137.901592,
2023/8/13,7.382032,72730.510019,
2023/8/13,7.398699,72320.656751,
2023/8/13,7.415366,71908.35566,
2023/8/13,7.432033,71493.620701,
2023/8/13,7.448699,71076.465912,
2023/8/13,7.465366,70656.905412,
2023/8/13,7.482033,70234.953402,
2023/8/13,7.4987,69810.629033,
2023/8/13,7.515367,69383.936955,
2023/8/13,7.532033,68954.896452,
2023/8/13,7.5487,68523.526997,
2023/8/13,7.565367,68089.833317,
2023/8/13,7.582033,67653.835013,
2023/8/13,7.5987,67215.546844,
2023/8/13,7.615367,66774.988698,
2023/8/13,7.632034,66332.165403,
2023/8/13,7.648701,65887.091871,
2023/8/13,7.665367,65439.798483,
2023/8/13,7.682034,64990.285062,
2023/8/13,7.698701,64538.566745,
2023/8/13,7.715367,64084.674368,
2023/8/13,7.732034,63628.607748,
2023/8/13,7.748701,63170.382247,
2023/8/13,7.765368,62710.023863,
2023/8/13,7.782035,62247.542944,
2023/8/13,7.798702,61782.949817,
2023/8/13,7.815369,61316.270839,
2023/8/13,7.832036,60847.516501,
2023/8/13,7.848702,60376.70267,
2023/8/13,7.865369,59903.84528,
2023/8/13,7.882036,59428.965783,
2023/8/13,7.898703,58952.069383,
2023/8/13,7.91537,58473.177643,
2023/8/13,7.932036,57992.30126,
2023/8/13,7.948709,57509.284802,
2023/8/13,7.965376,57024.509372,
2023/8/13,7.982043,56537.798307,
2023/8/13,7.99871,56049.173619,
2023/8/13,8.015376,55558.646222,
2023/8/13,8.032043,55066.24959,
2023/8/13,8.048748,54570.84445,
2023/8/13,8.065415,54074.727061,
2023/8/13,8.082082,53576.78227,
2023/8/13,8.098748,53077.024098,
2023/8/13,8.115416,52575.466583,
2023/8/13,8.132082,52072.132442,
2023/8/13,8.148748,51567.035846,
2023/8/13,8.165416,51060.190986,
2023/8/13,8.182082,50551.617902,
2023/8/13,8.198749,50041.333807,
2023/8/13,8.215416,49529.350105,
2023/8/13,8.232082,49015.695842,
2023/8/13,8.24875,48500.382554,
2023/8/13,8.265416,47983.430646,
2023/8/13,8.282083,47464.854672,
2023/8/13,8.29875,46944.669201,
2023/8/13,8.315416,46422.894803,
2023/8/13,8.332084,45899.549139,
2023/8/13,8.34875,45374.649921,
2023/8/13,8.365417,44848.217934,
2023/8/13,8.382084,44320.267995,
2023/8/13,8.39875,43790.814941,
2023/8/13,8.415417,43259.879707,
2023/8/13,8.432084,42727.480265,
2023/8/13,8.44875,42193.634634,
2023/8/13,8.465418,41658.363951,
2023/8/13,8.482084,41121.677132,
2023/8/13,8.498751,40583.604625,
2023/8/13,8.515418,40044.152327,
2023/8/13,8.532084,39503.344648,
2023/8/13,8.548759,38960.97937,
2023/8/13,8.565425,38417.521581,
2023/8/13,8.582091,37872.763497,
2023/8/13,8.598759,37326.720427,
2023/8/13,8.615425,36779.417103,
2023/8/13,8.632092,36230.865785,
2023/8/13,8.648759,35681.088168,
2023/8/13,8.665425,35130.106016,
2023/8/13,8.682093,34577.934837,
2023/8/13,8.698759,34024.590149,
2023/8/13,8.715425,33470.097013,
2023/8/13,8.732093,32914.471034,
2023/8/13,8.748759,32357.731019,
2023/8/13,8.765426,31799.892616,
2023/8/13,8.782093,31240.968284,
2023/8/13,8.798759,30680.999338,
2023/8/13,8.815427,30119.99195,
2023/8/13,8.832093,29557.96189,
2023/8/13,8.84876,28994.934612,
2023/8/13,8.865427,28430.922729,
2023/8/13,8.882093,27865.953403,
2023/8/13,8.89876,27300.0393,
2023/8/13,8.915427,26733.19632,
2023/8/13,8.932094,26165.453377,
2023/8/13,8.94876,25596.824828,
2023/8/13,8.965427,25027.326658,
2023/8/13,8.982094,24456.984658,
2023/8/13,8.99876,23885.814877,
2023/8/13,9.015428,23313.833371,
2023/8/13,9.032094,22741.066047,
2023/8/13,9.04876,22167.525735,
2023/8/13,9.065428,21593.235123,
2023/8/13,9.082094,21018.216942,
2023/8/13,9.098762,20442.484073,
2023/8/13,9.115428,19866.059291,
2023/8/13,9.132094,19288.965411,
2023/8/13,9.148762,18711.213707,
2023/8/13,9.165428,18132.833652,
2023/8/13,9.182095,17553.83655,
2023/8/13,9.198762,16974.245307,
2023/8/13,9.215428,16394.079541,
2023/8/13,9.232095,15813.362211,
2023/8/13,9.248762,15232.106329,
2023/8/13,9.265429,14650.334888,
2023/8/13,9.282096,14068.066748,
2023/8/13,9.298878,13481.272793,
2023/8/13,9.315545,12898.069789,
2023/8/13,9.332211,12314.429391,
2023/8/13,9.348879,11730.373023,
2023/8/13,9.365545,11145.91962,
2023/8/13,9.382213,10561.088963,
2023/8/13,9.398879,9975.904197,
2023/8/13,9.415545,9390.377592,
2023/8/13,9.432213,8804.537344,
2023/8/13,9.448879,8218.395739,
2023/8/13,9.465546,7631.975968,
2023/8/13,9.482213,7045.297459,
2023/8/13,9.498879,6458.380909,
2023/8/13,9.515547,5871.245343,
2023/8/13,9.532213,5283.911475,
2023/8/13,9.549346,4679.958692,
2023/8/13,9.566013,4092.282439,
2023/8/13,9.58268,3504.468097,
2023/8/13,9.599347,2916.534929,
2023/8/13,9.616014,2328.506621,
2023/8/13,9.63268,1740.399397,
2023/8/13,9.649346,1152.233371,
2023/8/13,9.666014,564.028188,
2023/8/13,9.68268,0.0,
2023/8/13,9.699347,0.0,
2023/8/13,9.716014,0.0,
2023/8/13,9.73268,0.0,
2023/8/13,9.749348,0.0,
2023/8/13,9.766014,0.0,
2023/8/13,9.782681,0.0,
2023/8/13,9.799349,0.0,
2023/8/13,9.816015,0.0,
2023/8/13,9.832683,0.0,
2023/8/13,9.849349,0.0,
2023/8/13,9.866015,0.0,
2023/8/13,9.922811,0.0,
2023/8/13,9.939477,0.0,
2023/8/13,9.956144,0.0,
2023/8/13,9.972811,0.0,
2023/8/13,9.989477,0.0,
2023/8/13,10.006145,0.0,
2023/8/13,10.022811,0.0,
2023/8/13,10.039477,0.0,
2023/8/13,10.056145,0.0,
2023/8/13,10.072811,0.0,
2023/8/13,10.089478,0.0,
2023/8/13,10.106145,0.0,
2023/8/13,10.122811,0.0,
2023/8/13,10.139479,0.0,
2023/8/13,10.156145,0.0,
2023/8/13,10.172812,0.0,
2023/8/13,10.189479,0.0,
2023/8/13,10.206145,0.0,
2023/8/13,10.222812,0.0,
2023/8/13,10.239479,0.0,
2023/8/13,10.256145,0.0,
2023/8/13,10.272813,0.0,
2023/8/13,10.289479,0.0,
2023/8/13,10.306146,0.0,
2023/8/13,10.322813,0.0,
2023/8/13,10.339479,0.0,
2023/8/13,10.356146,0.0,
2023/8/13,10.372813,0.0,
2023/8/13,10.38948,0.0,
2023/8/13,10.406146,0.0,
2023/8/13,10.422813,0.0,
2023/8/13,10.43948,0.0,
2023/8/13,10.456146,0.0,
2023/8/13,10.472814,0.0,
2023/8/13,10.48948,0.0,
2023/8/13,10.506148,0.0,
2023/8/13,10.522816,0.0,
2023/8/13,10.539482,0.0,
2023/8/13,10.556149,0.0,
2023/8/13,10.572816,0.0,
2023/8/13,10.589482,0.0,
2023/8/13,10.60615,0.0,
2023/8/13,10.622816,0.0,
2023/8/13,10.639483,0.0,
2023/8/13,10.65615,0.0,
2023/8/13,10.672816,0.0,
2023/8/13,10.689483,0.0,
2023/8/13,10.70615,0.0,
2023/8/13,10.722816,0.0,
2023/8/13,10.739484,0.0,
2023/8/13,10.75615,0.0,
2023/8/13,10.772817,0.0,
2023/8/13,10.789484,0.0,
2023/8/13,10.80615,0.0,
2023/8/13,10.822817,0.0,
2023/8/13,10.839484,0.0,
2023/8/13,10.856151,0.0,
2023/8/13,10.872817,0.0,
2023/8/13,10.889484,0.0,
2023/8/13,10.906151,0.0,
2023/8/13,10.922817,0.0,
2023/8/13,10.939485,0.0,
2023/8/13,10.956151,0.0,
2023/8/13,10.972818,0.0,
2023/8/13,10.989485,0.0,
2023/8/13,11.006151,0.0,
2023/8/13,11.022819,0.0,
2023/8/13,11.039485,0.0,
2023/8/13,11.056151,0.0,
2023/8/13,11.072819,0.0,
2023/8/13,11.089485,0.0,
2023/8/13,11.106153,0.0,
2023/8/13,11.122819,0.0,
2023/8/13,11.139485,0.0,
2023/8/13,11.156153,0.0,
2023/8/13,11.172819,0.0,
2023/8/13,11.189486,0.0,
2023/8/13,11.206153,0.0,
2023/8/13,11.222819,0.0,
2023/8/13,11.239487,0.0,
2023/8/13,11.256153,0.0,
2023/8/13,11.27282,0.0,
2023/8/13,11.289487,0.0,
2023/8/13,11.306153,0.0,
2023/8/13,11.322821,0.0,
2023/8/13,11.339487,0.0,
2023/8/13,11.356153,0.0,
2023/8/13,11.372821,0.0,
2023/8/13,11.389487,0.0,
2023/8/13,11.406155,0.0,
2023/8/13,11.422821,0.0,
2023/8/13,11.439487,0.0,
2023/8/13,11.456155,0.0,
2023/8/13,11.472821,0.0,
2023/8/13,11.489488,0.0,
2023/8/13,11.506155,0.0,
2023/8/13,11.522821,0.0,
2023/8/13,11.539489,0.0,
2023/8/13,11.556155,0.0,
2023/8/13,11.572822,0.0,
2023/8/13,11.589489,0.0,
2023/8/13,11.606155,0.0,
2023/8/13,11.622823,0.0,
2023/8/13,11.639489,0.0,
2023/8/13,11.656156,0.0,
2023/8/13,11.672825,0.0,
2023/8/13,11.689492,0.0,
2023/8/13,11.706159,0.0,
2023/8/13,11.722825,0.0,
2023/8/13,11.739492,0.0,
2023/8/13,11.756159,0.0,
2023/8/13,11.772825,0.0,
2023/8/13,11.789493,0.0,
2023/8/13,11.806159,0.0,
2023/8/13,11.822825,0.0,
2023/8/13,11.839493,0.0,
2023/8/13,11.856159,0.0,
2023/8/13,11.872826,0.0,
2023/8/13,11.889493,0.0,
2023/8/13,11.906159,0.0,
2023/8/13,11.922826,0.0,
2023/8/13,11.939493,0.0,
2023/8/13,11.95616,0.0,
2023/8/13,11.972827,0.0,
2023/8/13,11.989493,0.0,
2023/8/13,12.00616,0.0,
2023/8/13,12.022827,0.0,
2023/8/13,12.039494,0.0,
2023/8/13,12.05616,0.0,
2023/8/13,12.072827,0.0,
2023/8/13,12.089494,0.0,
2023/8/13,12.10616,0.0,
2023/8/13,12.122828,0.0,
2023/8/13,12.139494,0.0,
2023/8/13,12.156161,0.0,
2023/8/13,12.172828,0.0,
2023/8/13,12.189494,0.0,
2023/8/13,12.206161,0.0,
2023/8/13,12.222828,0.0,
2023/8/13,12.239494,0.0,
2023/8/13,12.256162,0.0,
2023/8/13,12.272828,0.0,
2023/8/13,12.289495,0.0,
2023/8/13,12.306162,0.0,
2023/8/13,12.322828,0.0,
2023/8/13,12.339496,0.0,
2023/8/13,12.356162,0.0,
2023/8/13,12.372829,0.0,
2023/8/13,12.389496,0.0,
2023/8/13,12.406162,0.0,
2023/8/13,12.42283,0.0,
2023/8/13,12.4395,0.0,
2023/8/13,12.456166,0.0,
2023/8/13,12.472833,0.0,
2023/8/13,12.4895,0.0,
2023/8/13,12.506166,0.0,
2023/8/13,12.522834,0.0,
2023/8/13,12.5395,0.0,
2023/8/13,12.556167,0.0,
2023/8/13,12.572834,0.0,
2023/8/13,12.5895,0.0,
2023/8/13,12.606167,0.0,
2023/8/13,12.622834,0.0,
2023/8/13,12.639501,0.0,
2023/8/13,12.656167,0.0,
2023/8/13,12.672834,0.0,
2023/8/13,12.689501,0.0,
2023/8/13,12.706791,0.0,
2023/8/13,12.723458,0.0,
2023/8/13,12.740125,0.0,
2023/8/13,12.756792,0.0,
2023/8/13,12.773458,0.0,
2023/8/13,12.790154,0.0,
2023/8/13,12.80682,0.0,
2023/8/13,12.823487,0.0,
2023/8/13,12.840154,0.0,
2023/8/13,12.85682,0.0,
2023/8/13,12.873487,0.0,
2023/8/13,12.890154,0.0,
2023/8/13,12.90682,0.0,
2023/8/13,12.923488,0.0,
2023/8/13,12.940154,0.0,
2023/8/13,12.95682,0.0,
2023/8/13,12.973488,0.0,
2023/8/13,12.990154,0.0,
2023/8/13,13.006821,0.0,
2023/8/13,13.023488,0.0,
2023/8/13,13.040154,0.0,
2023/8/13,13.056822,0.0,
2023/8/13,13.073488,0.0,
2023/8/13,13.090155,0.0,
2023/8/13,13.106822,0.0,
2023/8/13,13.123535,0.0,
2023/8/13,13.140202,0.0,
2023/8/13,13.156868,0.0,
2023/8/13,13.173535,0.0,
2023/8/13,13.190202,0.0,
2023/8/13,13.206868,0.0,
2023/8/13,13.223536,0.0,
2023/8/13,13.240202,0.0,
2023/8/13,13.256869,0.0,
2023/8/13,13.273536,0.0,
2023/8/13,13.290202,0.0,
2023/8/13,13.30687,0.0,
2023/8/13,13.323536,0.0,
2023/8/13,13.340202,0.0,
2023/8/13,13.35687,0.0,
2023/8/13,13.373536,0.0,
2023/8/13,13.390203,0.0,
2023/8/13,13.40687,0.0,
2023/8/13,13.423536,0.0,
2023/8/13,13.440204,0.0,
2023/8/13,13.45687,0.0,
2023/8/13,13.473537,0.0,
2023/8/13,13.490204,0.0,
2023/8/13,13.50687,0.0,
2023/8/13,13.523538,0.0,
2023/8/13,13.540204,0.0,
2023/8/13,13.55687,0.0,
2023/8/13,13.573538,0.0,
2023/8/13,13.590204,0.0,
2023/8/13,13.606871,0.0,
2023/8/13,13.623538,0.0,
2023/8/13,13.640208,0.0,
2023/8/13,13.656876,0.0,
2023/8/13,13.674192,0.0,
2023/8/13,13.690859,0.0,
2023/8/13,13.707525,0.0,
2023/8/13,13.724193,0.0,
2023/8/13,13.740859,0.0,
2023/8/13,13.757526,0.0,
2023/8/13,13.774193,0.0,
2023/8/13,13.790859,0.0,
2023/8/13,13.807527,0.0,
2023/8/13,13.824216,0.0,
2023/8/13,13.840883,0.0,
2023/8/13,13.85755,0.0,
2023/8/13,13.874216,0.0,
2023/8/13,13.890883,0.0,
2023/8/13,13.90755,0.0,
2023/8/13,13.924216,0.0,
2023/8/13,13.940884,0.0,
2023/8/13,13.957664,0.0,
2023/8/13,13.974331,0.0,
2023/8/13,13.990998,0.0,
2023/8/13,14.007665,0.0,
2023/8/13,14.024332,0.0,
2023/8/13,14.041071,0.0,
2023/8/13,14.057746,0.0,
2023/8/13,14.074413,0.0,
2023/8/13,14.09108,0.0,
2023/8/13,14.107746,0.0,
2023/8/13,14.124413,0.0,
2023/8/13,14.14108,0.0,
2023/8/13,14.157747,0.0,
2023/8/13,14.174414,0.0,
2023/8/13,14.19108,0.0,
2023/8/13,14.207747,0.0,
2023/8/13,14.224414,0.0,
2023/8/13,14.24108,0.0,
2023/8/13,14.257748,0.0,
2023/8/13,14.274414,0.0,
2023/8/13,14.291081,0.0,
2023/8/13,14.307748,0.0,
2023/8/13,14.324414,0.0,
2023/8/13,14.341081,0.0,
2023/8/13,14.358627,0.0,
2023/8/13,14.375294,0.0,
2023/8/13,14.391961,0.0,
2023/8/13,14.408628,0.0,
2023/8/13,14.425294,0.0,
2023/8/13,14.441961,0.0,
2023/8/13,14.458628,0.0,
2023/8/13,14.475294,0.0,
2023/8/13,14.491961,0.0,
2023/8/13,14.508628,0.0,
2023/8/13,14.525295,0.0,
2023/8/13,14.541962,0.0,
2023/8/13,14.558628,0.0,
2023/8/13,14.575295,0.0,
2023/8/13,14.591962,0.0,
2023/8/13,14.608628,0.0,
2023/8/13,14.625296,0.0,
2023/8/13,14.641962,0.0,
2023/8/13,14.658628,0.0,
2023/8/13,14.675296,0.0,
2023/8/13,14.691962,0.0,
2023/8/13,14.708629,0.0,
2023/8/13,14.725296,0.0,
2023/8/13,14.741962,0.0,
2023/8/13,14.758629,0.0,
2023/8/13,14.775296,0.0,
2023/8/13,14.791963,0.0,
2023/8/13,14.808629,0.0,
2023/8/13,14.825296,0.0,
2023/8/13,14.841963,0.0,
2023/8/13,14.85863,0.0,
2023/8/13,14.875297,0.0,
2023/8/13,14.891963,0.0,
2023/8/13,14.90863,0.0,
2023/8/13,14.925297,0.0,
2023/8/13,14.941963,0.0,
2023/8/13,14.958631,0.0,
2023/8/13,14.975297,0.0,
2023/8/13,14.991963,0.0,
2023/8/13,15.008631,0.0,
2023/8/13,15.025297,0.0,
2023/8/13,15.041965,0.0,
2023/8/13,15.058631,0.0,
2023/8/13,15.075297,0.0,
2023/8/13,15.091965,0.0,
2023/8/13,15.108631,0.0,
2023/8/13,15.125298,0.0,
2023/8/13,15.141965,0.0,
2023/8/13,15.158631,0.0,
2023/8/13,15.175298,0.0,
2023/8/13,15.191965,0.0,
2023/8/13,15.208632,0.0,
2023/8/13,15.225298,0.0,
2023/8/13,15.241965,0.0,
2023/8/13,15.258632,0.0,
2023/8/13,15.27665,0.0,
2023/8/13,15.295283,0.0,
2023/8/13,15.31195,0.0,
2023/8/13,15.328617,0.0,
2023/8/13,15.345284,0.0,
2023/8/13,15.36195,0.0,
2023/8/13,15.378617,0.0,
2023/8/13,15.395284,0.0,
2023/8/13,15.411951,0.0,
2023/8/13,15.428617,0.0,
2023/8/13,15.445284,0.0,
2023/8/13,15.461951,0.0,
2023/8/13,15.478618,0.0,
2023/8/13,15.495388,0.0,
2023/8/13,15.512055,0.0,
2023/8/13,15.528722,0.0,
2023/8/13,15.545389,0.0,
2023/8/13,15.562056,0.0,
2023/8/13,15.578722,0.0,
2023/8/13,15.595389,0.0,
2023/8/13,15.612056,0.0,
2023/8/13,15.628722,0.0,
2023/8/13,15.64539,0.0,
2023/8/13,15.662056,0.0,
2023/8/13,15.678722,0.0,
2023/8/13,15.69539,0.0,
2023/8/13,15.712056,0.0,
2023/8/13,15.728723,0.0,
2023/8/13,15.74539,0.0,
2023/8/13,15.762056,0.0,
2023/8/13,15.778723,0.0,
2023/8/13,15.79539,0.0,
2023/8/13,15.812057,0.0,
2023/8/13,15.828724,0.0,
2023/8/13,15.84539,0.0,
2023/8/13,15.862057,0.0,
2023/8/13,15.878724,0.0,
2023/8/13,15.895391,0.0,
2023/8/13,15.912057,0.0,
2023/8/13,15.928724,0.0,
2023/8/13,15.945391,0.0,
2023/8/13,15.962058,0.0,
2023/8/13,15.978724,0.0,
2023/8/13,15.995391,0.0,
2023/8/13,16.012058,0.0,
2023/8/13,16.028725,0.0,
2023/8/13,16.045391,0.0,
2023/8/13,16.062057,0.0,
2023/8/13,16.078724,0.0,
2023/8/13,16.095392,0.0,
2023/8/13,16.112059,0.0,
2023/8/13,16.128725,0.0,
2023/8/13,16.145391,0.0,
2023/8/13,16.162058,0.0,
2023/8/13,16.17874,0.0,
2023/8/13,16.195406,0.0,
2023/8/13,16.212072,0.0,
2023/8/13,16.23024,0.0,
2023/8/13,16.246906,0.0,
2023/8/13,16.263573,0.0,
2023/8/13,16.280239,0.0,
2023/8/13,16.296907,0.0,
2023/8/13,16.313574,0.0,
2023/8/13,16.33024,0.0,
2023/8/13,16.346907,0.0,
2023/8/13,16.363573,0.0,
2023/8/13,16.380239,0.0,
2023/8/13,16.396908,0.0,
2023/8/13,16.413574,0.0,
2023/8/13,16.430243,0.0,
2023/8/13,16.446909,0.0,
2023/8/13,16.464613,0.0,
2023/8/13,16.481279,0.0,
2023/8/13,16.497946,0.0,
2023/8/13,16.514614,0.0,
2023/8/13,16.531281,0.0,
2023/8/13,16.547947,0.0,
2023/8/13,16.564613,0.0,
2023/8/13,16.58128,0.0,
2023/8/13,16.597948,0.0,
2023/8/13,16.614614,0.0,
2023/8/13,16.631281,0.0,
2023/8/13,16.647947,0.0,
2023/8/13,16.664614,0.0,
2023/8/13,16.68128,0.0,
2023/8/13,16.697947,0.0,
2023/8/13,16.714615,0.0,
2023/8/13,16.731281,0.0,
2023/8/13,16.747948,0.0,
2023/8/13,16.764799,0.0,
2023/8/13,16.781466,0.0,
2023/8/13,16.798132,0.0,
2023/8/13,16.8148,0.0,
2023/8/13,16.831467,0.0,
2023/8/13,16.848133,0.0,
2023/8/13,16.864799,0.0,
2023/8/13,16.881466,0.0,
2023/8/13,16.898132,0.0,
2023/8/13,16.914801,0.0,
2023/8/13,16.931467,0.0,
2023/8/13,16.948133,0.0,
2023/8/13,16.9648,0.0,
2023/8/13,16.981466,0.0,
2023/8/13,16.998133,0.0,
2023/8/13,17.014801,0.0,
2023/8/13,17.031467,0.0,
2023/8/13,17.048134,0.0,
2023/8/13,17.0648,0.0,
2023/8/13,17.081467,0.0,
2023/8/13,17.098135,0.0,
2023/8/13,17.114801,0.0,
2023/8/13,17.131468,0.0,
2023/8/13,17.148134,0.0,
2023/8/13,17.164801,0.0,
2023/8/13,17.181467,0.0,
2023/8/13,17.198135,0.0,
2023/8/13,17.214802,0.0,
2023/8/13,17.231468,0.0,
2023/8/13,17.248135,0.0,
2023/8/13,17.264801,0.0,
2023/8/13,17.281467,0.0,
2023/8/13,17.298136,0.0,
2023/8/13,17.314802,0.0,
2023/8/13,17.331511,0.0,
2023/8/13,17.348177,0.0,
2023/8/13,17.364843,0.0,
2023/8/13,17.38151,0.0,
2023/8/13,17.398176,0.0,
2023/8/13,17.414843,0.0,
2023/8/13,17.431511,0.0,
2023/8/13,17.448177,0.0,
2023/8/13,17.464844,0.0,
2023/8/13,17.48151,0.0,
2023/8/13,17.498177,0.0,
2023/8/13,17.514843,0.0,
2023/8/13,17.531511,0.0,
2023/8/13,17.548178,0.0,
2023/8/13,17.564844,0.0,
2023/8/13,17.581511,0.0,
2023/8/13,17.598177,0.0,
2023/8/13,17.614845,0.0,
2023/8/13,17.631512,0.0,
2023/8/13,17.648178,0.0,
2023/8/13,17.664845,0.0,
2023/8/13,17.681511,0.0,
2023/8/13,17.698177,0.0,
2023/8/13,17.714846,0.0,
2023/8/13,17.731512,0.0,
2023/8/13,17.748178,0.0,
2023/8/13,17.764845,0.0,
2023/8/13,17.781511,0.0,
2023/8/13,17.798178,0.0,
2023/8/13,17.814846,0.0,
2023/8/13,17.831512,0.0,
2023/8/13,17.84819,0.0,
2023/8/13,17.864857,0.0,
2023/8/13,17.881523,0.0,
2023/8/13,17.89819,0.0,
2023/8/13,17.914858,0.0,
2023/8/13,17.931524,0.0,
2023/8/13,17.948191,0.0,
2023/8/13,17.964857,0.0,
2023/8/13,17.991114,0.0,
2023/8/13,18.00778,0.0,
2023/8/13,18.024446,0.0,
2023/8/13,18.041115,0.0,
2023/8/13,18.057781,0.0,
2023/8/13,18.074448,0.0,
2023/8/13,18.091114,0.0,
2023/8/13,18.10778,0.0,
2023/8/13,18.124447,0.0,
2023/8/13,18.141115,0.0,
2023/8/13,18.157782,0.0,
2023/8/13,18.174448,0.0,
2023/8/13,18.191114,0.0,
2023/8/13,18.207781,0.0,
2023/8/13,18.224449,0.0,
2023/8/13,18.241116,0.0,
2023/8/13,18.257782,0.0,
2023/8/13,18.274448,0.0,
2023/8/13,18.291115,0.0,
2023/8/13,18.307783,0.0,
2023/8/13,18.32445,0.0,
2023/8/13,18.341116,0.0,
2023/8/13,18.357782,0.0,
2023/8/13,18.374449,0.0,
2023/8/13,18.391115,0.0,
2023/8/13,18.407784,0.0,
2023/8/13,18.42445,0.0,
2023/8/13,18.441116,0.0,
2023/8/13,18.457783,0.0,
2023/8/13,18.474449,0.0,
2023/8/13,18.491116,0.0,
2023/8/13,18.507784,0.0,
2023/8/13,18.52445,0.0,
2023/8/13,18.541117,0.0,
2023/8/13,18.557783,0.0,
2023/8/13,18.57445,0.0,
2023/8/13,18.591116,0.0,
2023/8/13,18.607784,0.0,
2023/8/13,18.624451,0.0,
2023/8/13,18.641117,0.0,
2023/8/13,18.657784,0.0,
2023/8/13,18.67445,0.0,
2023/8/13,18.691118,321.96559,
2023/8/13,18.707785,910.184405,
2023/8/13,18.724451,1498.372466,
2023/8/13,18.741117,2086.506341,
2023/8/13,18.757784,2674.573065,
2023/8/13,18.774454,3262.637361,
2023/8/13,18.791121,3850.503325,
2023/8/13,18.807787,4438.235178,
2023/8/13,18.824453,5025.816813,
2023/8/13,18.84112,5613.228342,
2023/8/13,18.857788,6200.453243,
2023/8/13,18.874454,6787.468699,
2023/8/13,18.891121,7374.250643,
2023/8/13,18.907787,7960.786351,
2023/8/13,18.924454,8547.052612,
2023/8/13,18.941122,9133.02623,
2023/8/13,18.957788,9718.694916,
2023/8/13,18.974455,10304.033817,
2023/8/13,18.991121,10889.023959,
2023/8/13,19.007788,11473.642199,
2023/8/13,19.024456,12057.876275,
2023/8/13,19.041122,12641.698054,
2023/8/13,19.057789,13225.091957,
2023/8/13,19.074455,13808.038239,
2023/8/13,19.091122,14390.516335,
2023/8/13,19.107788,14972.51319,
2023/8/13,19.124454,15553.998282,
2023/8/13,19.141123,16134.956927,
2023/8/13,19.157789,16715.372781,
2023/8/13,19.174456,17295.219556,
2023/8/13,19.191122,17874.484264,
2023/8/13,19.207788,18453.140668,
2023/8/13,19.224455,19031.1725,
2023/8/13,19.241123,19608.563496,
2023/8/13,19.25779,20185.290806,
2023/8/13,19.274456,20761.331613,
2023/8/13,19.291122,21336.669724,
2023/8/13,19.307789,21911.285666,
2023/8/13,19.324457,22485.16327,
2023/8/13,19.341124,23058.279824,
2023/8/13,19.35779,23630.612656,
2023/8/13,19.374456,24202.145676,
2023/8/13,19.39113,24773.089601,
2023/8/13,19.407797,25342.964651,
2023/8/13,19.424463,25911.981933,
2023/8/13,19.44113,26480.125435,
2023/8/13,19.457796,27047.369427,
2023/8/13,19.474464,27613.7012,
2023/8/13,19.491131,28179.099953,
2023/8/13,19.507797,28743.540089,
2023/8/13,19.524464,29307.01058,
2023/8/13,19.54113,29869.485907,
2023/8/13,19.557796,30430.950259,
2023/8/13,19.574465,30991.387836,
2023/8/13,19.59141,31560.145816,
2023/8/13,19.608078,32118.448476,
2023/8/13,19.624744,32675.66403,
2023/8/13,19.641411,33231.770438,
2023/8/13,19.658077,33786.75207,
2023/8/13,19.674744,34340.590141,
2023/8/13,19.69141,34893.265906,
2023/8/13,19.708078,35444.763812,
2023/8/13,19.724745,35995.058881,
2023/8/13,19.741411,36544.138784,
2023/8/13,19.758078,37091.978654,
2023/8/13,19.774744,37638.566217,
2023/8/13,19.791483,38186.204812,
2023/8/13,19.808149,38730.217362,
2023/8/13,19.824816,39272.919034,
2023/8/13,19.841482,39814.291459,
2023/8/13,19.858149,40354.316312,
2023/8/13,19.874815,40892.975316,
2023/8/13,19.891483,41430.253311,
2023/8/13,19.90815,41966.129023,
2023/8/13,19.924816,42500.581263,
2023/8/13,19.941483,43033.598056,
2023/8/13,19.958149,43565.155262,
2023/8/13,19.974817,44095.240972,
2023/8/13,19.991484,44623.83118,
2023/8/13,20.00815,45150.91103,
2023/8/13,20.024817,45676.465688,
2023/8/13,20.041483,46200.471349,
2023/8/13,20.058149,46722.913289,
2023/8/13,20.074818,47243.773827,
2023/8/13,20.091484,47763.038299,
2023/8/13,20.10815,48280.686145,
2023/8/13,20.124817,48796.696896,
2023/8/13,20.141483,49311.056054,
2023/8/13,20.15815,49823.749139,
2023/8/13,20.174818,50334.755849,
2023/8/13,20.191484,50844.055979,
2023/8/13,20.208151,51351.63522,
2023/8/13,20.224817,51857.479282,
2023/8/13,20.241484,52361.571014,
2023/8/13,20.258152,52863.890454,
2023/8/13,20.276255,53407.465566,
2023/8/13,20.292921,53906.027352,
2023/8/13,20.309587,54402.767449,
2023/8/13,20.326254,54897.666187,
2023/8/13,20.342922,55390.706814,
2023/8/13,20.359589,55881.872643,
2023/8/13,20.376255,56371.141461,
2023/8/13,20.392921,56858.507906,
2023/8/13,20.409588,57343.949873,
2023/8/13,20.426254,57827.45093,
2023/8/13,20.442923,58308.994713,
2023/8/13,20.459589,58788.564924,
2023/8/13,20.476255,59266.139875,
2023/8/13,20.492922,59741.714334,
2023/8/13,20.509588,60215.266727,
2023/8/13,20.526257,60686.781026,
2023/8/13,20.542923,61156.241272,
2023/8/13,20.559589,61623.626237,
2023/8/13,20.576256,62088.930801,
2023/8/13,20.592922,62552.128564,
2023/8/13,20.609589,63013.214451,
2023/8/13,20.626257,63472.167542,
2023/8/13,20.642923,63928.972303,
2023/8/13,20.65959,64383.608082,
2023/8/13,20.676256,64836.069898,
2023/8/13,20.692923,65286.332079,
2023/8/13,20.709589,65734.389693,
2023/8/13,20.726257,66180.222408,
2023/8/13,20.742924,66623.815134,
2023/8/13,20.75959,67065.152857,
2023/8/13,20.776257,67504.215628,
2023/8/13,20.792923,67940.998634,
2023/8/13,20.809589,68375.482055,
2023/8/13,20.826258,68807.651185,
2023/8/13,20.842924,69237.491396,
2023/8/13,20.859591,69664.98326,
2023/8/13,20.876257,70090.122094,
2023/8/13,20.892923,70512.883776,
2023/8/13,20.909592,70933.263675,
2023/8/13,20.926258,71351.242709,
2023/8/13,20.942924,71766.801991,
2023/8/13,20.959591,72179.936965,
2023/8/13,20.976257,72590.628879,
2023/8/13,20.992924,72998.863833,
2023/8/13,21.009592,73404.62338,
2023/8/13,21.026258,73807.903072,
2023/8/13,21.042925,74208.689175,
2023/8/13,21.059591,74606.958951,
2023/8/13,21.076258,75002.70352,
2023/8/13,21.092926,75395.909487,
2023/8/13,21.109592,75786.559088,
2023/8/13,21.126259,76174.648041,
2023/8/13,21.142925,76560.154329,
2023/8/13,21.159592,76943.073728,
2023/8/13,21.176258,77323.38885,
2023/8/13,21.192926,77701.086822,
2023/8/13,21.209593,78076.154861,
2023/8/13,21.226259,78448.576026,
2023/8/13,21.242926,78818.346234,
2023/8/13,21.259592,79185.448693,
2023/8/13,21.27626,79549.870978,
2023/8/13,21.292927,79911.600754,
2023/8/13,21.309593,80270.621686,
2023/8/13,21.32626,80626.929837,
2023/8/13,21.342926,80980.509025,
2023/8/13,21.359592,81331.343283,
2023/8/13,21.376259,81679.428765,
2023/8/13,21.392927,82024.757532,
2023/8/13,21.409594,82367.302088,
2023/8/13,21.42626,82707.054903,
2023/8/13,21.442926,83044.012252,
2023/8/13,21.459595,83378.158827,
2023/8/13,21.476261,83709.483318,
2023/8/13,21.492928,84037.974511,
2023/8/13,21.509594,84363.621287,
2023/8/13,21.52626,84686.408947,
2023/8/13,21.542927,85006.333953,
2023/8/13,21.559595,85323.381767,
2023/8/13,21.576262,85637.538078,
2023/8/13,21.592928,85948.799445,
2023/8/13,21.609594,86257.151719,
2023/8/13,21.626261,86562.580987,
2023/8/13,21.642929,86865.0839,
2023/8/13,21.659595,87164.646708,
2023/8/13,21.676262,87461.259271,
2023/8/13,21.692928,87754.911551,
2023/8/13,21.709595,88045.593608,
2023/8/13,21.726261,88333.295602,
2023/8/13,21.742929,88618.004557,
2023/8/13,21.759596,88899.717351,
2023/8/13,21.776262,89178.418001,
2023/8/13,21.792929,89454.103454,
2023/8/13,21.809595,89726.761172,
2023/8/13,21.826262,89996.378858,
2023/8/13,21.84293,90262.953557,
2023/8/13,21.859596,90526.473144,
2023/8/13,21.876263,90786.928699,
2023/8/13,21.892929,91044.30848,
2023/8/13,21.909595,91298.609665,
2023/8/13,21.926264,91549.820684,
2023/8/13,21.94293,91797.933035,
2023/8/13,21.959597,92042.938319,
2023/8/13,21.976362,92286.247361,
2023/8/13,21.993029,92524.995271,
2023/8/13,22.009695,92760.611506,
2023/8/13,22.026361,92993.088091,
2023/8/13,22.043028,93222.417157,
2023/8/13,22.059696,93448.585803,
2023/8/13,22.076363,93671.596725,
2023/8/13,22.093029,93891.437164,
2023/8/13,22.109695,94108.099677,
2023/8/13,22.126362,94321.576933,
2023/8/13,22.143028,94531.861705,
2023/8/13,22.159697,94738.946876,
2023/8/13,22.176363,94942.825437,
2023/8/13,22.193029,95143.490486,
2023/8/13,22.209696,95340.935233,
2023/8/13,22.226362,95535.152994,
2023/8/13,22.243031,95726.137196,
2023/8/13,22.259697,95913.881375,
2023/8/13,22.276363,96098.37499,
2023/8/13,22.29303,96279.620242,
2023/8/13,22.309696,96457.606737,
2023/8/13,22.326365,96632.328451,
2023/8/13,22.343031,96803.779469,
2023/8/13,22.359697,96971.953989,
2023/8/13,22.376364,97136.842582,
2023/8/13,22.39303,97298.447216,
2023/8/13,22.409697,97456.758608,
2023/8/13,22.426363,97611.771401,
2023/8/13,22.443031,97763.480348,
2023/8/13,22.459698,97911.876955,
2023/8/13,22.476364,98056.962993,
2023/8/13,22.493031,98198.730116,
2023/8/13,22.509697,98337.173526,
2023/8/13,22.526363,98472.285483,
2023/8/13,22.543032,98604.067599,
2023/8/13,22.559698,98732.512282,
2023/8/13,22.576365,98857.615186,
2023/8/13,22.593031,98979.372076,
2023/8/13,22.609697,99097.776159,
2023/8/13,22.626364,99212.828848,
2023/8/13,22.643032,99324.5235,
2023/8/13,22.659698,99432.856335,
2023/8/13,22.676365,99537.823685,
2023/8/13,22.696934,99662.723524,
2023/8/13,22.715303,99769.926558,
2023/8/13,22.734266,99876.288022,
2023/8/13,22.752506,99974.461804,
2023/8/13,22.772312,100076.476525,
2023/8/13,22.788979,100158.616482,
2023/8/13,22.805647,100237.36639,
2023/8/13,22.822313,100312.721899,
2023/8/13,22.83898,100384.683906,
2023/8/13,22.855646,100453.248212,
2023/8/13,22.872313,100518.412498,
2023/8/13,22.888981,100580.174557,
2023/8/13,22.905647,100638.532299,
2023/8/13,22.922314,100693.483748,
2023/8/13,22.93898,100745.027045,
2023/8/13,22.955647,100793.160445,
2023/8/13,22.972313,100837.882319,
2023/8/13,22.988981,100879.190247,
2023/8/13,23.005648,100917.084722,
2023/8/13,23.022314,100951.563476,
2023/8/13,23.03898,100982.625343,
2023/8/13,23.056049,101010.89333,
2023/8/13,23.072716,101035.035975,
2023/8/13,23.089382,101055.758906,
2023/8/13,23.106049,101073.061424,
2023/8/13,23.122717,101086.942941,
2023/8/13,23.139383,101097.402989,
2023/8/13,23.15605,101104.441091,
2023/8/13,23.172716,101108.057332,
2023/8/13,23.189383,101108.251389,
2023/8/13,23.206049,101105.023254,
2023/8/13,23.222717,101098.373229,
2023/8/13,23.239384,101088.301235,
2023/8/13,23.25605,101074.807725,
2023/8/13,23.272717,101057.893156,
2023/8/13,23.289383,101037.558101,
2023/8/13,23.306049,101013.803248,
2023/8/13,23.322718,100986.629401,
2023/8/13,23.339384,100956.038218,
2023/8/13,23.35605,100922.029336,
2023/8/13,23.372717,100884.604565,
2023/8/13,23.389383,100843.765174,
2023/8/13,23.406052,100799.512544,
2023/8/13,23.422718,100751.848172,
2023/8/13,23.439384,100700.773673,
2023/8/13,23.456051,100646.290775,
2023/8/13,23.472717,100588.401322,
2023/8/13,23.489384,100527.107274,
2023/8/13,23.506052,100462.412224,
2023/8/13,23.522718,100394.315401,
2023/8/13,23.539385,100322.818876,
2023/8/13,23.556051,100247.928342,
2023/8/13,23.572718,100169.644737,
2023/8/13,23.589386,100087.972618,
2023/8/13,23.606052,100002.91101,
2023/8/13,23.622719,99914.464624,
2023/8/13,23.639385,99822.636453,
2023/8/13,23.656052,99727.429605,
2023/8/13,23.672718,99628.847302,
2023/8/13,23.689388,99526.878649,
2023/8/13,23.706055,99421.5551,
2023/8/13,23.722721,99312.866448,
2023/8/13,23.739389,99200.816374,
2023/8/13,23.756056,99085.40867,
2023/8/13,23.772722,98966.647242,
2023/8/13,23.789389,98844.536109,
2023/8/13,23.806055,98719.079405,
2023/8/13,23.822723,98590.281375,
2023/8/13,23.83939,98458.146381,
2023/8/13,23.856056,98322.678893,
2023/8/13,23.872723,98183.886711,
2023/8/13,23.889389,98041.768181,
2023/8/13,23.906055,97896.33125,
2023/8/13,23.922722,97747.580841,
2023/8/13,23.93939,97595.52199,
2023/8/13,23.956057,97440.159842,
2023/8/13,23.972723,97281.499657,
2023/8/13,23.989389,97119.550549,
2023/8/13,24.006056,96954.310585,
2023/8/13,24.022722,96785.789028,
2023/8/13,24.039391,96613.991582,
2023/8/13,24.056057,96438.924061,
2023/8/13,24.072723,96260.59651,
2023/8/13,24.08939,96079.006802,
2023/8/13,24.106056,95894.165126,
2023/8/13,24.122725,95706.07774,
2023/8/13,24.139391,95514.75101,
2023/8/13,24.156057,95320.1959,
2023/8/13,24.172724,95122.410091,
2023/8/13,24.18939,94921.404692,
2023/8/13,24.206057,94717.186508,
2023/8/13,24.222725,94509.762449,
2023/8/13,24.239391,94299.139538,
2023/8/13,24.256058,94085.329833,
2023/8/13,24.272724,93868.330783,
2023/8/13,24.289391,93648.15459,
2023/8/13,24.306057,93424.808707,
2023/8/13,24.322723,93198.300693,
2023/8/13,24.339392,92968.638214,
2023/8/13,24.356058,92735.83441,
2023/8/13,24.372725,92499.886501,
2023/8/13,24.389391,92260.807767,
2023/8/13,24.406057,92018.606299,
2023/8/13,24.422724,91773.290297,
2023/8/13,24.439392,91524.868062,
2023/8/13,24.456059,91273.348003,
2023/8/13,24.472725,91018.738633,
2023/8/13,24.489391,90761.051537,
2023/8/13,24.50679,90488.778049,
2023/8/13,24.523457,90224.821748,
2023/8/13,24.540123,89957.808621,
2023/8/13,24.556789,89687.75071,
2023/8/13,24.573456,89414.660299,
2023/8/13,24.590124,89138.540379,
2023/8/13,24.606791,88859.403405,
2023/8/13,24.623508,88576.392119,
2023/8/13,24.640175,88291.240335,
2023/8/13,24.656841,88003.10349,
2023/8/13,24.673508,87711.984741,
2023/8/13,24.690174,87417.897222,
2023/8/13,24.706842,87120.850887,
2023/8/13,24.723509,86820.85579,
2023/8/13,24.740175,86517.925568,
2023/8/13,24.756842,86212.063541,
2023/8/13,24.773508,85903.287062,
2023/8/13,24.790174,85591.599514,
2023/8/13,24.806843,85277.018582,
2023/8/13,24.823509,84959.547711,
2023/8/13,24.840176,84639.204914,
2023/8/13,24.856842,84315.993701,
2023/8/13,24.873508,83989.932409,
2023/8/13,24.890175,83661.024612,
2023/8/13,24.906843,83329.285156,
2023/8/13,24.92351,82994.729115,
2023/8/13,24.940176,82657.360156,
2023/8/13,24.956842,82317.19351,
2023/8/13,24.973509,81974.24463,
2023/8/13,24.990175,81628.517276,
2023/8/13,25.006844,81280.027058,
2023/8/13,25.02351,80928.789806,
2023/8/13,25.040176,80574.805303,
2023/8/13,25.056843,80218.097635,
2023/8/13,25.073509,79858.674842,
2023/8/13,25.090178,79496.549088,
2023/8/13,25.106844,79131.736821,
2023/8/13,25.12351,78764.242038,
2023/8/13,25.140177,78394.081337,
2023/8/13,25.156843,78021.271529,
2023/8/13,25.17351,77645.816699,
2023/8/13,25.190176,77267.738149,
2023/8/13,25.206844,76887.040021,
2023/8/13,25.223511,76503.739512,
2023/8/13,25.240177,76117.849597,
2023/8/13,25.256844,75729.383336,
2023/8/13,25.27351,75338.353878,
2023/8/13,25.290178,74944.774457,
2023/8/13,25.306845,74548.662943,
2023/8/13,25.323511,74150.023677,
2023/8/13,25.340189,73748.58455,
2023/8/13,25.356857,73344.937585,
2023/8/13,25.373524,72938.808128,
2023/8/13,25.39019,72530.209925,
2023/8/13,25.406857,72119.156807,
2023/8/13,25.423523,71705.667433,
2023/8/13,25.440191,71289.746332,
2023/8/13,25.456858,70871.412302,
2023/8/13,25.473524,70450.679501,
2023/8/13,25.490191,70027.562171,
2023/8/13,25.506857,69602.079514,
2023/8/13,25.523523,69174.236193,
2023/8/13,25.540192,68744.051546,
2023/8/13,25.556858,68311.540133,
2023/8/13,25.573534,67876.492073,
2023/8/13,25.5902,67439.369944,
2023/8/13,25.606867,66999.970249,
2023/8/13,25.623533,66558.297804,
2023/8/13,25.6402,66114.372574,
2023/8/13,25.656866,65668.214702,
2023/8/13,25.673534,65219.829078,
2023/8/13,25.690201,64769.235971,
2023/8/13,25.706867,64316.450633,
2023/8/13,25.723534,63861.493608,
2023/8/13,25.7402,63404.369881,
2023/8/13,25.756866,62945.10012,
2023/8/13,25.773535,62483.699868,
2023/8/13,25.790201,62020.184743,
2023/8/13,25.806868,61554.575773,
2023/8/13,25.823534,61086.878061,
2023/8/13,25.840252,60615.684987,
2023/8/13,25.856918,60143.861786,
2023/8/13,25.873585,59670.002909,
2023/8/13,25.890251,59194.12985,
2023/8/13,25.906919,58716.247825,
2023/8/13,25.923586,58236.378443,
2023/8/13,25.940252,57754.54347,
2023/8/13,25.956919,57270.748189,
2023/8/13,25.973585,56785.014476,
2023/8/13,25.990252,56297.358772,
2023/8/13,26.00692,55807.797582,
2023/8/13,26.023586,55316.353112,
2023/8/13,26.040255,54822.945903,
2023/8/13,26.056923,54327.773314,
2023/8/13,26.073589,53830.756247,
2023/8/13,26.090275,53331.345273,
2023/8/13,26.106941,52830.699036,
2023/8/13,26.123608,52328.267529,
2023/8/13,26.140274,51824.062009,
2023/8/13,26.156942,51318.105309,
2023/8/13,26.173609,50810.411676,
2023/8/13,26.190275,50300.995372,
2023/8/13,26.206942,49789.876541,
2023/8/13,26.223608,49277.075421,
2023/8/13,26.240276,48762.606449,
2023/8/13,26.256943,48246.484079,
2023/8/13,26.273609,47728.731688,
2023/8/13,26.290276,47209.36385,
2023/8/13,26.306942,46688.395159,
2023/8/13,26.323608,46165.849209,
2023/8/13,26.340277,45641.740711,
2023/8/13,26.356943,45116.084392,
2023/8/13,26.37361,44588.901038,
2023/8/13,26.390276,44060.211521,
2023/8/13,26.406942,43530.030724,
2023/8/13,26.423609,42998.376592,
2023/8/13,26.440277,42465.264065,
2023/8/13,26.456944,41930.714224,
2023/8/13,26.47361,41394.748233,
2023/8/13,26.490276,40857.375021,
2023/8/13,26.506943,40318.625075,
2023/8/13,26.523609,39778.510488,
2023/8/13,26.540277,39237.049541,
2023/8/13,26.556944,38694.257452,
2023/8/13,26.57361,38150.158802,
2023/8/13,26.590302,37603.940939,
2023/8/13,26.60697,37057.273209,
2023/8/13,26.623636,36509.354348,
2023/8/13,26.640303,35960.199777,
2023/8/13,26.656969,35409.828081,
2023/8/13,26.673635,34858.25473,
2023/8/13,26.690302,34305.504705,
2023/8/13,26.70697,33751.593562,
2023/8/13,26.723637,33196.540048,
2023/8/13,26.740303,32640.359765,
2023/8/13,26.756969,32083.07471,
2023/8/13,26.773636,31524.706944,
2023/8/13,26.790302,30965.272179,
2023/8/13,26.806971,30404.789351,
2023/8/13,26.823637,29843.27743,
2023/8/13,26.840303,29280.755421,
2023/8/13,26.85697,28717.239136,
2023/8/13,26.873636,28152.750865,
2023/8/13,26.890303,27587.308093,
2023/8/13,26.906971,27020.93644,
2023/8/13,26.923637,26453.650225,
2023/8/13,26.940306,25885.403575,
2023/8/13,26.958189,25274.748593,
2023/8/13,26.974855,24704.77209,
2023/8/13,26.991524,24133.95942,
2023/8/13,27.00819,23562.326628,
2023/8/13,27.024857,22989.896327,
2023/8/13,27.041523,22416.687892,
2023/8/13,27.058189,21842.720723,
2023/8/13,27.074858,21268.014248,
2023/8/13,27.091524,20692.591214,
2023/8/13,27.108191,20116.46781,
2023/8/13,27.124857,19539.658581,
2023/8/13,27.141523,18962.189647,
2023/8/13,27.15819,18384.082214,
2023/8/13,27.174858,17805.349231,
2023/8/13,27.191525,17226.013595,
2023/8/13,27.208191,16646.098233,
2023/8/13,27.224857,16065.616138,
2023/8/13,27.241524,15484.593598,
2023/8/13,27.25819,14903.046961,
2023/8/13,27.274858,14320.992578,
2023/8/13,27.291525,13738.45264,
2023/8/13,27.308191,13155.448533,
2023/8/13,27.324858,12571.999157,
2023/8/13,27.341526,11988.124258,
2023/8/13,27.358192,11403.842763,
2023/8/13,27.374859,10819.179467,
2023/8/13,27.391525,10234.149981,
2023/8/13,27.408192,9648.774105,
2023/8/13,27.424858,9063.071653,
2023/8/13,27.441526,8477.059095,
2023/8/13,27.458193,7890.76297,
2023/8/13,27.474859,7304.196415,
2023/8/13,27.491526,6717.385574,
2023/8/13,27.508192,6130.344434,
2023/8/13,27.524858,5543.095382,
2023/8/13,27.541527,4955.662495,
2023/8/13,27.558193,4368.061877,
2023/8/13,27.57486,3780.309631,
2023/8/13,27.591526,3192.429855,
2023/8/13,27.608192,2604.441815,
2023/8/13,27.624861,2016.365622,
2023/8/13,27.641527,1428.224758,
2023/8/13,27.658194,840.031925,
2023/8/13,27.693233,0.0,
2023/8/13,27.710768,0.0,
2023/8/13,27.727436,0.0,
2023/8/13,27.744102,0.0,
2023/8/13,27.760769,0.0,
2023/8/13,27.777435,0.0,
2023/8/13,27.794102,0.0,
2023/8/13,27.810768,0.0,
2023/8/13,27.827436,0.0,
2023/8/13,27.844103,0.0,
2023/8/13,27.860769,0.0,
2023/8/13,27.877436,0.0,
2023/8/13,27.894102,0.0,
2023/8/13,27.91077,0.0,
2023/8/13,27.927437,0.0,
2023/8/13,27.944103,0.0,
2023/8/13,27.96077,0.0,
2023/8/13,27.977436,0.0,
2023/8/13,27.996183,0.0,
2023/8/13,28.01285,0.0,
2023/8/13,28.029516,0.0,
2023/8/13,28.046185,0.0,
2023/8/13,28.062851,0.0,
2023/8/13,28.079517,0.0,
2023/8/13,28.096184,0.0,
2023/8/13,28.11285,0.0,
2023/8/13,28.129517,0.0,
2023/8/13,28.146185,0.0,
2023/8/13,28.162851,0.0,
2023/8/13,28.179518,0.0,
2023/8/13,28.196184,0.0,
2023/8/13,28.212851,0.0,
2023/8/13,28.229519,0.0,
2023/8/13,28.246185,0.0,
2023/8/13,28.262852,0.0,
2023/8/13,28.279518,0.0,
2023/8/13,28.279518,0.0,
